phase,dataset,split,protocol,model,seed,config_tag,auroc_mean,auroc_std,ap_mean,ap_std,brier_mean,brier_std,ece_mean,ece_std
PHASE1_MAIN_EXT,EICU,S1,P0,extratrees,3036,PHASE1_MAIN_EXT,0.8388876583685143,0.04125480604649613,0.3181615171366056,0.0787339189751013,0.03278065967994004,0.0009668003800756264,0.010315805688562519,0.006895151530313697
PHASE1_MAIN_EXT,EICU,S1,P0,lr_l2,3036,PHASE1_MAIN_EXT,0.8113483603180489,0.0735886796604082,0.24895254013934326,0.06836413972308453,0.03402924920540294,0.0020764883926710576,0.012104356249604898,0.004778642980943294
PHASE1_MAIN_EXT,EICU,S1,P0,rf,3036,PHASE1_MAIN_EXT,0.8402207970953214,0.04584642237041084,0.3538359120166121,0.10537345216335614,0.030988289980954865,0.002847544250195741,0.012868982826272312,0.00482208369906711
PHASE1_MAIN_EXT,EICU,S1,P0,svm_linear_cal,3036,PHASE1_MAIN_EXT,0.8065278618000941,0.07845106283574792,0.23770007716526892,0.06583877595200743,0.035416085956537745,0.0015372352867447166,0.009044525629292383,0.008656662066711127
PHASE1_MAIN_EXT,EICU,S1,P0,xgb,3036,PHASE1_MAIN_EXT,0.8351616643574081,0.05241357616736432,0.3584896191387786,0.09339613391606853,0.030818766746574182,0.00253852645868975,0.01860325135443898,0.0035534625874215076
PHASE1_MAIN_EXT,EICU,S1,P1,extratrees,3036,PHASE1_MAIN_EXT,0.8432283975914325,0.04251255336478003,0.3373159044225922,0.10979261366083187,0.03245079659914763,0.0022517016871271725,0.012925346960469241,0.009231467190145233
PHASE1_MAIN_EXT,EICU,S1,P1,lr_l2,3036,PHASE1_MAIN_EXT,0.8116968794653795,0.07218522399845141,0.24815279206113558,0.06898771294662728,0.03399923483430791,0.002117002685622339,0.011182540631819959,0.004845232743968955
PHASE1_MAIN_EXT,EICU,S1,P1,rf,3036,PHASE1_MAIN_EXT,0.8431014073466946,0.045609792704404135,0.3539130092928851,0.10029339246139696,0.03100225523765977,0.002837304645017989,0.011891266835605253,0.004355065117641511
PHASE1_MAIN_EXT,EICU,S1,P1,svm_linear_cal,3036,PHASE1_MAIN_EXT,0.8065758304115249,0.07800181884739214,0.23720284695843633,0.0649439504077874,0.035403576913684384,0.0015515164061856229,0.008125827462662114,0.00646318187192312
PHASE1_MAIN_EXT,EICU,S1,P1,xgb,3036,PHASE1_MAIN_EXT,0.8342760610121275,0.049214873948360736,0.356604525686329,0.09907358364873636,0.03099977248216671,0.003037287968141289,0.01761084490234773,0.004731688633686081
PHASE1_MAIN_EXT,EICU,S1,P2,extratrees,3036,PHASE1_MAIN_EXT,0.8388876583685143,0.04125480604649613,0.3181615171366056,0.0787339189751013,0.03278065967994004,0.0009668003800756264,0.010315805688562519,0.006895151530313697
PHASE1_MAIN_EXT,EICU,S1,P2,lr_l2,3036,PHASE1_MAIN_EXT,0.8145663011966946,0.07157982955397801,0.2693016612073495,0.06353961106973416,0.03339194147107171,0.0017541921486015565,0.012098306941109721,0.004695277577094598
PHASE1_MAIN_EXT,EICU,S1,P2,rf,3036,PHASE1_MAIN_EXT,0.8409646005850121,0.0463815717679637,0.3546368499860993,0.10969080252579083,0.03098683656674479,0.002871238055255682,0.012604217725700745,0.004678447898750032
PHASE1_MAIN_EXT,EICU,S1,P2,svm_linear_cal,3036,PHASE1_MAIN_EXT,0.8090271299928229,0.07632467495178215,0.24062062995807235,0.06552859059007127,0.03482199467616718,0.0017702281888848958,0.013471513440456629,0.005908857781249937
PHASE1_MAIN_EXT,EICU,S1,P2,xgb,3036,PHASE1_MAIN_EXT,0.8351616643574081,0.05241357616736432,0.3584896191387786,0.09339613391606853,0.030818766746574182,0.00253852645868975,0.01860325135443898,0.0035534625874215076
PHASE1_MAIN_EXT,EICU,S1,P3,extratrees,3036,PHASE1_MAIN_EXT,0.809899310095471,0.05568318705538296,0.33285794359332277,0.12941890958110655,0.033275969119708516,0.002353614963303974,0.009983624095419547,0.0049839356455924425
PHASE1_MAIN_EXT,EICU,S1,P3,lr_l2,3036,PHASE1_MAIN_EXT,0.778037196679438,0.04204532771004836,0.27649686218745595,0.12370960168486403,0.03354441550626549,0.00412914340697781,0.012232963859227241,0.0025789509750457624
PHASE1_MAIN_EXT,EICU,S1,P3,rf,3036,PHASE1_MAIN_EXT,0.8203343532558376,0.06780388093015867,0.3583756420876111,0.11992041773328367,0.03140880236035024,0.003729714287248387,0.011918025103424578,0.006513826699348855
PHASE1_MAIN_EXT,EICU,S1,P3,svm_linear_cal,3036,PHASE1_MAIN_EXT,0.769151712049559,0.05972872112345064,0.3016803302353667,0.1297113066643731,0.035291486992337785,0.0015929822580420313,0.006897180007823714,0.00308141513087503
PHASE1_MAIN_EXT,EICU,S1,P3,xgb,3036,PHASE1_MAIN_EXT,0.8144570545678868,0.07169519317127208,0.33704918977117565,0.12712825441865924,0.03174830617165909,0.0041551273350944875,0.017211492195829004,0.007933400726605448
PHASE1_MAIN_EXT,EICU,S2,P0,extratrees,3036,PHASE1_MAIN_EXT,0.8016215567073306,0.0688573507181776,0.31378153779565016,0.12627167712878248,0.03374573783038125,0.00978084289763312,0.016419908468008105,0.00961827806634523
PHASE1_MAIN_EXT,EICU,S2,P0,lr_l2,3036,PHASE1_MAIN_EXT,0.8036093904635602,0.05918304911246857,0.30372966656690015,0.057170271674464174,0.03299190020102535,0.01010716740635325,0.024367076505236233,0.010055686749534075
PHASE1_MAIN_EXT,EICU,S2,P0,rf,3036,PHASE1_MAIN_EXT,0.816601110216846,0.0586733302510181,0.3171832090868707,0.10045481651344407,0.03348716810655902,0.010644603063072125,0.018899069455302685,0.006780136360730134
PHASE1_MAIN_EXT,EICU,S2,P0,svm_linear_cal,3036,PHASE1_MAIN_EXT,0.7909038384020448,0.04880806429843574,0.2560364186349913,0.05755855484902681,0.03517394583327268,0.011586894095239138,0.017389602564333022,0.010114123738942596
PHASE1_MAIN_EXT,EICU,S2,P0,xgb,3036,PHASE1_MAIN_EXT,0.8327646743168693,0.02524597292372202,0.3323367709185052,0.05318298694993464,0.0324671092690232,0.010811623082075473,0.02322183729939154,0.010502940768523247
PHASE1_MAIN_EXT,EICU,S2,P1,extratrees,3036,PHASE1_MAIN_EXT,0.8132957918426401,0.06308285825071173,0.31058077551213215,0.1334884630705858,0.03441063782921494,0.010220121476404678,0.01646118151444859,0.009836472889761087
PHASE1_MAIN_EXT,EICU,S2,P1,lr_l2,3036,PHASE1_MAIN_EXT,0.8033074764403547,0.057925419072565335,0.3012351012142115,0.052196883006785384,0.03307762803714446,0.010130356014420317,0.025240922094033558,0.012363692623695452
PHASE1_MAIN_EXT,EICU,S2,P1,rf,3036,PHASE1_MAIN_EXT,0.8115248236953312,0.06267340725610053,0.32299289763481887,0.10251489722202642,0.03319021816685492,0.010462772647816384,0.02003117352464563,0.007008426549665113
PHASE1_MAIN_EXT,EICU,S2,P1,svm_linear_cal,3036,PHASE1_MAIN_EXT,0.7889216787876996,0.04756573420200529,0.2547492019629035,0.05773917304322335,0.03521532261660578,0.011580075982385226,0.01735693512263366,0.010079607955264741
PHASE1_MAIN_EXT,EICU,S2,P1,xgb,3036,PHASE1_MAIN_EXT,0.8256037286827571,0.023990080366200713,0.3189610218931313,0.06264249414350179,0.03275529373219681,0.010979149211760743,0.024371404823233654,0.009790230883631875
PHASE1_MAIN_EXT,EICU,S2,P2,extratrees,3036,PHASE1_MAIN_EXT,0.8016215567073306,0.0688573507181776,0.31378153779565016,0.12627167712878248,0.03374573783038125,0.00978084289763312,0.016419908468008105,0.00961827806634523
PHASE1_MAIN_EXT,EICU,S2,P2,lr_l2,3036,PHASE1_MAIN_EXT,0.8045045502743328,0.06167023713270796,0.3031439749155802,0.05981955560206474,0.03271416644973214,0.009800939346408388,0.022811359419689144,0.0113260275150511
PHASE1_MAIN_EXT,EICU,S2,P2,rf,3036,PHASE1_MAIN_EXT,0.8169549000389505,0.059222543854712095,0.31730582513522626,0.09893424569231941,0.033490947283201886,0.010654949524776755,0.018927783360460037,0.006715759147523995
PHASE1_MAIN_EXT,EICU,S2,P2,svm_linear_cal,3036,PHASE1_MAIN_EXT,0.7903759024417368,0.04824876962408359,0.26780617598084067,0.05468523260310954,0.034852196524139026,0.01143539158158541,0.01738740485614372,0.01030638360206815
PHASE1_MAIN_EXT,EICU,S2,P2,xgb,3036,PHASE1_MAIN_EXT,0.8327646743168693,0.02524597292372202,0.3323367709185052,0.05318298694993464,0.0324671092690232,0.010811623082075473,0.02322183729939154,0.010502940768523247
PHASE1_MAIN_EXT,EICU,S2,P3,extratrees,3036,PHASE1_MAIN_EXT,0.8035618681964058,0.04357865224667043,0.2990454686984125,0.09416566474405685,0.032925037945799,0.009474679829863521,0.015192300392303917,0.006767808061719805
PHASE1_MAIN_EXT,EICU,S2,P3,lr_l2,3036,PHASE1_MAIN_EXT,0.7826935637642387,0.051916501336528004,0.2781190838582762,0.10527988909631308,0.033973231065422285,0.009820989818029306,0.02095125263645838,0.004471476271028592
PHASE1_MAIN_EXT,EICU,S2,P3,rf,3036,PHASE1_MAIN_EXT,0.7970065793770085,0.046792651499187286,0.3034737451486362,0.10015861490337956,0.03228816675216693,0.008851793006041681,0.01595263089950117,0.0035515811478539425
PHASE1_MAIN_EXT,EICU,S2,P3,svm_linear_cal,3036,PHASE1_MAIN_EXT,0.7765690678538891,0.05540341805134372,0.2887035604819843,0.10997365745464315,0.035010235290223124,0.010727471716090222,0.014655930192423177,0.0066410455931991096
PHASE1_MAIN_EXT,EICU,S2,P3,xgb,3036,PHASE1_MAIN_EXT,0.8008470359765836,0.051753269999012884,0.2929523221797864,0.09015695343960553,0.032767488645646645,0.008763450314099027,0.020766716970344865,0.00316764540613029
PHASE2_REPRO_EXT,EICU,S1,P0,extratrees,1001,PHASE2_REPRO_EXT,0.846998966796549,0.022000070815159218,0.35952015213861,0.062203813633373274,0.032806951351245596,0.0019641880292372454,0.01376688406405473,0.008096966708574968
PHASE2_REPRO_EXT,EICU,S1,P0,extratrees,1002,PHASE2_REPRO_EXT,0.844583330622936,0.047926392173273054,0.3538815061319177,0.07874638709605356,0.03253455444121107,0.00155275220614115,0.012750847972629667,0.006583693880399232
PHASE2_REPRO_EXT,EICU,S1,P0,extratrees,1003,PHASE2_REPRO_EXT,0.8334199522102749,0.04050998500229206,0.3497830562020711,0.06639770971112442,0.03259558009887888,0.0013030299193102877,0.01435593645326812,0.003057401066086491
PHASE2_REPRO_EXT,EICU,S1,P0,extratrees,1004,PHASE2_REPRO_EXT,0.8374484292705562,0.060641361833628483,0.3189671728510688,0.06606707939071262,0.03337004236117145,0.0013235054611549393,0.013272586882676999,0.007127253125640329
PHASE2_REPRO_EXT,EICU,S1,P0,extratrees,1005,PHASE2_REPRO_EXT,0.8287974942919032,0.04157958375446954,0.3565947628575624,0.09424117073890684,0.032316284209059846,0.0025445144118329613,0.014954003023744783,0.008169565724945422
PHASE2_REPRO_EXT,EICU,S1,P0,extratrees,1006,PHASE2_REPRO_EXT,0.833878219409914,0.05952389177965672,0.33212673821543154,0.10714870660260412,0.033597826097051774,0.0013496276555614297,0.013060934086331346,0.005069946262323232
PHASE2_REPRO_EXT,EICU,S1,P0,extratrees,1007,PHASE2_REPRO_EXT,0.8266633762443434,0.02925475695212378,0.36795077290113853,0.05022556439246476,0.03241069240929765,0.0009051386825001175,0.013653660803232395,0.005347320950883963
PHASE2_REPRO_EXT,EICU,S1,P0,extratrees,1008,PHASE2_REPRO_EXT,0.8290078455160271,0.05303104118031007,0.3195776914259705,0.053188086449627275,0.032994518702470055,0.0008530301240795439,0.010912419713331954,0.0033975550972218486
PHASE2_REPRO_EXT,EICU,S1,P0,extratrees,1009,PHASE2_REPRO_EXT,0.8517898054368402,0.056851477262688604,0.36275018580976914,0.07656020630285809,0.03269471873407347,0.0017453159359543502,0.01616944424127211,0.005929783353813405
PHASE2_REPRO_EXT,EICU,S1,P0,extratrees,1010,PHASE2_REPRO_EXT,0.8280034075114866,0.05117125241482732,0.3492131998056493,0.08497421906837807,0.03262413604212239,0.0023737226406058028,0.014805116326640635,0.010067366722471108
PHASE2_REPRO_EXT,EICU,S1,P0,extratrees,1011,PHASE2_REPRO_EXT,0.8340334736777055,0.04002329294542374,0.31207801913722977,0.07975068653154574,0.033432914619050916,0.0014487835987175735,0.011640996091325701,0.005935165751885541
PHASE2_REPRO_EXT,EICU,S1,P0,extratrees,1012,PHASE2_REPRO_EXT,0.8392732625269141,0.07825008236082955,0.378966053140516,0.08201915144089655,0.03186475256313864,0.002518553297068674,0.011352289025636736,0.006647275221207775
PHASE2_REPRO_EXT,EICU,S1,P0,extratrees,1013,PHASE2_REPRO_EXT,0.8482557671833767,0.05760175517343857,0.350053597568213,0.1186514900887847,0.03208044467047336,0.0030632427987545992,0.019842629531688992,0.005193078564628414
PHASE2_REPRO_EXT,EICU,S1,P0,extratrees,1014,PHASE2_REPRO_EXT,0.8307736856199328,0.044302966082488765,0.3253738689076509,0.0957601791122008,0.03312020590544252,0.002063555717064774,0.0124059095695463,0.0037289835067797314
PHASE2_REPRO_EXT,EICU,S1,P0,extratrees,1015,PHASE2_REPRO_EXT,0.8219351396505106,0.059440922109885164,0.2982499878307524,0.03698829538747941,0.03346661314272832,0.001303297176410834,0.01281480685945437,0.004207185767141187
PHASE2_REPRO_EXT,EICU,S1,P0,extratrees,1016,PHASE2_REPRO_EXT,0.8299904621118982,0.07644237730187713,0.3211746311485231,0.1374631333946479,0.03289709625698766,0.0028100073929345853,0.013502562077429597,0.011490938566161133
PHASE2_REPRO_EXT,EICU,S1,P0,extratrees,1017,PHASE2_REPRO_EXT,0.8488327565607877,0.06594949689661214,0.3378058134221552,0.12729333434461537,0.03270421656098151,0.002437672710807195,0.01255538826384447,0.007573249545769398
PHASE2_REPRO_EXT,EICU,S1,P0,extratrees,1018,PHASE2_REPRO_EXT,0.8455814534017655,0.06666581676270114,0.3198514344748985,0.09791103196715255,0.03280933887038759,0.0017151014825220968,0.016401933966331512,0.008087985740004838
PHASE2_REPRO_EXT,EICU,S1,P0,extratrees,1019,PHASE2_REPRO_EXT,0.8515881410360656,0.03664046681003005,0.347934011603199,0.07937053535147413,0.03209799426562391,0.0015490384562318379,0.014295884487378906,0.009376702843149329
PHASE2_REPRO_EXT,EICU,S1,P0,extratrees,1020,PHASE2_REPRO_EXT,0.8363484199467894,0.055123397289119525,0.35965303782031716,0.08195488818923048,0.03258453087809617,0.001045251678628228,0.015440250407973768,0.008687623353597339
PHASE2_REPRO_EXT,EICU,S1,P0,lr_l2,1001,PHASE2_REPRO_EXT,0.8122007423236127,0.06010953587182757,0.2637219307751225,0.04965455696851202,0.03341477373273444,0.0015526055566543195,0.012039528154716572,0.004786511197643064
PHASE2_REPRO_EXT,EICU,S1,P0,lr_l2,1002,PHASE2_REPRO_EXT,0.83005863402481,0.03903782625007688,0.2911708345545958,0.09220889615742499,0.03300956517304929,0.0015700295037324912,0.011036231748605227,0.00520764587309516
PHASE2_REPRO_EXT,EICU,S1,P0,lr_l2,1003,PHASE2_REPRO_EXT,0.7832406323248488,0.02996431768818567,0.287240737354436,0.08480578470055798,0.03434370995567735,0.0014256051365283359,0.014063611609912097,0.0042574711833697505
PHASE2_REPRO_EXT,EICU,S1,P0,lr_l2,1004,PHASE2_REPRO_EXT,0.8135473517250051,0.06919406839677134,0.2845545450076824,0.0777077670557931,0.03303819151746241,0.0023336582973579136,0.009320660376700235,0.0026763247682913206
PHASE2_REPRO_EXT,EICU,S1,P0,lr_l2,1005,PHASE2_REPRO_EXT,0.817015137026846,0.03252468256220217,0.28387862798291574,0.05477200841376608,0.03406171682894911,0.001926929372258581,0.019596114571724638,0.004747765146272992
PHASE2_REPRO_EXT,EICU,S1,P0,lr_l2,1006,PHASE2_REPRO_EXT,0.8110852999976149,0.03669335984321206,0.2621903123879253,0.09245939446755239,0.03370150747429017,0.0029254716102317707,0.011096138958835478,0.003823803946622391
PHASE2_REPRO_EXT,EICU,S1,P0,lr_l2,1007,PHASE2_REPRO_EXT,0.8099379861097559,0.03917674552425828,0.2552352242988033,0.08601171215214709,0.03345771470044454,0.0023120545033767414,0.007646166791753522,0.0037595153422871922
PHASE2_REPRO_EXT,EICU,S1,P0,lr_l2,1008,PHASE2_REPRO_EXT,0.7988047554462723,0.06348514636337468,0.2539765679991075,0.08637023383972711,0.03448262159417933,0.0010474492886387128,0.012720286506649326,0.007374716193462827
PHASE2_REPRO_EXT,EICU,S1,P0,lr_l2,1009,PHASE2_REPRO_EXT,0.8003086952797889,0.0537877829031393,0.27542877394430715,0.09122675203417079,0.034075223251917794,0.0034378940952614935,0.01228053224845092,0.004890225622882698
PHASE2_REPRO_EXT,EICU,S1,P0,lr_l2,1010,PHASE2_REPRO_EXT,0.7914358302597427,0.04921973682220341,0.28878582892960036,0.13103402067265305,0.033214630040403745,0.0046869784457411095,0.012970573677173317,0.0019284743371218401
PHASE2_REPRO_EXT,EICU,S1,P0,lr_l2,1011,PHASE2_REPRO_EXT,0.8123140965595301,0.054070884832917894,0.27113626002954877,0.09356141501294511,0.03432564835208966,0.0013671259483914908,0.01207798562469346,0.005329379086883108
PHASE2_REPRO_EXT,EICU,S1,P0,lr_l2,1012,PHASE2_REPRO_EXT,0.8114124151374605,0.05244641631010584,0.296282174865778,0.07773593740907139,0.033340729812613115,0.0018398033046681862,0.014185754443096518,0.00743755536306688
PHASE2_REPRO_EXT,EICU,S1,P0,lr_l2,1013,PHASE2_REPRO_EXT,0.8410902573142781,0.04187845885827851,0.26853309065004194,0.10658089741447355,0.034300443785749916,0.005322410135429336,0.016592756601796283,0.0041932782943145995
PHASE2_REPRO_EXT,EICU,S1,P0,lr_l2,1014,PHASE2_REPRO_EXT,0.7792899870334593,0.09416376931338867,0.27810446319664417,0.13706914579117566,0.03333246331173567,0.003483382545010336,0.014158171281187895,0.0075751182786019805
PHASE2_REPRO_EXT,EICU,S1,P0,lr_l2,1015,PHASE2_REPRO_EXT,0.8129112540032567,0.0762845705544487,0.27509340011801886,0.06258326585917774,0.03430035940453855,0.0011403094198826947,0.012402717373884115,0.006989945483318983
PHASE2_REPRO_EXT,EICU,S1,P0,lr_l2,1016,PHASE2_REPRO_EXT,0.7897331613857286,0.057778189939663674,0.2136636234055012,0.06537393277005474,0.03560776930691452,0.00221680071818004,0.011849920875494377,0.005419243948574144
PHASE2_REPRO_EXT,EICU,S1,P0,lr_l2,1017,PHASE2_REPRO_EXT,0.8463797169044227,0.06333211524342273,0.275991529995546,0.09915324833024503,0.03426893959840481,0.0035330411819136528,0.012969292374461528,0.011404313229421975
PHASE2_REPRO_EXT,EICU,S1,P0,lr_l2,1018,PHASE2_REPRO_EXT,0.8085280889313878,0.06921050656871215,0.2270451880645124,0.06082145280367588,0.034111393624000765,0.0020588499211953906,0.010171741919241948,0.005208508559420047
PHASE2_REPRO_EXT,EICU,S1,P0,lr_l2,1019,PHASE2_REPRO_EXT,0.7946070465993188,0.06056155224338358,0.2408415649739107,0.08797528363250014,0.03470644458524278,0.001925973660560143,0.016077409581667125,0.009089832556003012
PHASE2_REPRO_EXT,EICU,S1,P0,lr_l2,1020,PHASE2_REPRO_EXT,0.8040049535221071,0.01403032894746612,0.25294661839801624,0.10509753901250499,0.034684370814056995,0.0035477425379039896,0.013635326617753362,0.004177092722930175
PHASE2_REPRO_EXT,EICU,S1,P0,rf,1001,PHASE2_REPRO_EXT,0.8250313891111414,0.04232154204888398,0.3692415799824847,0.04325828581201959,0.03121512245582877,0.001214439036779081,0.013528711186209194,0.006719170278785131
PHASE2_REPRO_EXT,EICU,S1,P0,rf,1002,PHASE2_REPRO_EXT,0.8402949562758707,0.04775175819063833,0.3564024956060874,0.09968112781530312,0.03175157873668213,0.0021074608049349037,0.01505055893303836,0.00749713675636435
PHASE2_REPRO_EXT,EICU,S1,P0,rf,1003,PHASE2_REPRO_EXT,0.8236607547480739,0.031802875647901255,0.3835093484882327,0.05253119838084714,0.030643910518755736,0.0015136888137334775,0.01189609532586009,0.0032203435720577953
PHASE2_REPRO_EXT,EICU,S1,P0,rf,1004,PHASE2_REPRO_EXT,0.8232243238642892,0.04842261364943504,0.3274375135126412,0.07597882184184354,0.03180419509293985,0.001533147306411653,0.009534643944993499,0.004246422324340348
PHASE2_REPRO_EXT,EICU,S1,P0,rf,1005,PHASE2_REPRO_EXT,0.8239262964372369,0.025885941410370233,0.375514950029843,0.058735541537557556,0.0313699544315168,0.002195051419089666,0.01328692944100709,0.005354524849039604
PHASE2_REPRO_EXT,EICU,S1,P0,rf,1006,PHASE2_REPRO_EXT,0.8264237622157606,0.05358487287450475,0.33761288492674135,0.101782354999769,0.032047265636216196,0.0015946980628365468,0.012731094867555401,0.003124815336209503
PHASE2_REPRO_EXT,EICU,S1,P0,rf,1007,PHASE2_REPRO_EXT,0.8257172361753475,0.042099235636291026,0.37269980227600197,0.06370898868751575,0.03112554381770303,0.0014676743524250726,0.012680826643694753,0.004336434625893595
PHASE2_REPRO_EXT,EICU,S1,P0,rf,1008,PHASE2_REPRO_EXT,0.8338005651720453,0.036443612474243846,0.3292980060598161,0.0974113255945475,0.03154862086899247,0.0016349306036962455,0.008967328784164903,0.004028547706430479
PHASE2_REPRO_EXT,EICU,S1,P0,rf,1009,PHASE2_REPRO_EXT,0.8218345459650858,0.0438919441065096,0.36405944936248896,0.06510675401043807,0.03132921608129522,0.001626223313826737,0.009882919386115208,0.0028744968534420816
PHASE2_REPRO_EXT,EICU,S1,P0,rf,1010,PHASE2_REPRO_EXT,0.8211984888992969,0.08595330453644594,0.37558291758149914,0.11408982511546083,0.03116156936634897,0.0027531092998707603,0.013257214525734792,0.002107333590978217
PHASE2_REPRO_EXT,EICU,S1,P0,rf,1011,PHASE2_REPRO_EXT,0.8137724597072337,0.04789435396518413,0.334199212591085,0.08930122700622926,0.03198640129251752,0.0017577572544681312,0.011244424466720242,0.0015521913120332793
PHASE2_REPRO_EXT,EICU,S1,P0,rf,1012,PHASE2_REPRO_EXT,0.8182584437007113,0.08379913732951616,0.3489883970203574,0.10993711705466619,0.03167381030023299,0.0022104034010148985,0.014044549069939887,0.004030400013898456
PHASE2_REPRO_EXT,EICU,S1,P0,rf,1013,PHASE2_REPRO_EXT,0.8439640847964057,0.06267886915142958,0.3752929059653685,0.1416317742529558,0.03074602578325868,0.0037783279208393372,0.012143020427345339,0.005378974724151008
PHASE2_REPRO_EXT,EICU,S1,P0,rf,1014,PHASE2_REPRO_EXT,0.823355471858487,0.06811394382146577,0.348053936726194,0.06315773695984614,0.03154940996251214,0.0014969652354235186,0.016444219101542024,0.005833250177015123
PHASE2_REPRO_EXT,EICU,S1,P0,rf,1015,PHASE2_REPRO_EXT,0.8246659936750168,0.05247076807674851,0.35054726491168475,0.054818180117360026,0.031359104280837435,0.0014019966497040486,0.014945116013433396,0.0044655934893351665
PHASE2_REPRO_EXT,EICU,S1,P0,rf,1016,PHASE2_REPRO_EXT,0.8217410318374109,0.06321736742807832,0.3396225989387247,0.16532661275242408,0.03183883577321704,0.0037966585893782355,0.013399571245597394,0.009360313278237635
PHASE2_REPRO_EXT,EICU,S1,P0,rf,1017,PHASE2_REPRO_EXT,0.8287262379468633,0.0556925592610897,0.3473609120685602,0.12487542188200977,0.03127255727107905,0.0033326513299009536,0.013527658750772952,0.0040705757138070914
PHASE2_REPRO_EXT,EICU,S1,P0,rf,1018,PHASE2_REPRO_EXT,0.8320545001268466,0.05977916428278423,0.33978515264702075,0.10068175351983524,0.031707351361142125,0.0017898462690525661,0.012632142918871108,0.0029938442767553667
PHASE2_REPRO_EXT,EICU,S1,P0,rf,1019,PHASE2_REPRO_EXT,0.8316420616799693,0.029353674362419688,0.3754709196481959,0.08086918446271528,0.030879064430219545,0.0009712666305324823,0.012366568960086708,0.006301627453148148
PHASE2_REPRO_EXT,EICU,S1,P0,rf,1020,PHASE2_REPRO_EXT,0.8213939654630333,0.0677933567247027,0.3750370464662708,0.1255119174068355,0.03152945411395323,0.001845733547997536,0.014047064842563656,0.005818450169582468
PHASE2_REPRO_EXT,EICU,S1,P0,svm_linear_cal,1001,PHASE2_REPRO_EXT,0.8090036986081568,0.06125721795921996,0.24452025680873796,0.04107575818098908,0.03446413952727155,0.001243857744427389,0.009669949915741669,0.004850817438050518
PHASE2_REPRO_EXT,EICU,S1,P0,svm_linear_cal,1002,PHASE2_REPRO_EXT,0.8245690549603524,0.04526836500366917,0.26187015194726104,0.059365095520820484,0.034524440981058474,0.0013375153412361364,0.009067204292092365,0.004678479409711075
PHASE2_REPRO_EXT,EICU,S1,P0,svm_linear_cal,1003,PHASE2_REPRO_EXT,0.7917086371688707,0.03119172489056184,0.261082243110548,0.03236100191349791,0.03510581599260802,0.0031451725073953726,0.0075711618801473325,0.004148101489031238
PHASE2_REPRO_EXT,EICU,S1,P0,svm_linear_cal,1004,PHASE2_REPRO_EXT,0.8139963100651146,0.06449748933818102,0.2512001399812573,0.08974534956943148,0.03461230052073389,0.0018128739238114234,0.008835485182816155,0.004222869832637708
PHASE2_REPRO_EXT,EICU,S1,P0,svm_linear_cal,1005,PHASE2_REPRO_EXT,0.8167467507757156,0.023058905635171798,0.2752940898180147,0.07435554782505766,0.0340641736690933,0.0009219381909707154,0.015424273779383194,0.004530973290760088
PHASE2_REPRO_EXT,EICU,S1,P0,svm_linear_cal,1006,PHASE2_REPRO_EXT,0.8018805576696654,0.045989690180433695,0.24686513333451776,0.10377004597909535,0.03504652414302346,0.002910046560750084,0.0100391733831706,0.002082760455023971
PHASE2_REPRO_EXT,EICU,S1,P0,svm_linear_cal,1007,PHASE2_REPRO_EXT,0.8009417898813279,0.06101901134664928,0.2511026574287435,0.08428633719501283,0.03461913228107437,0.0014222908542172003,0.006200798076951269,0.003489082649522675
PHASE2_REPRO_EXT,EICU,S1,P0,svm_linear_cal,1008,PHASE2_REPRO_EXT,0.7961965699380078,0.05386552958478706,0.2529500793988241,0.09666947967902186,0.03511528423833648,0.0012411686326539624,0.011967297519357246,0.00677858934077271
PHASE2_REPRO_EXT,EICU,S1,P0,svm_linear_cal,1009,PHASE2_REPRO_EXT,0.7940645687107399,0.05260445339671085,0.2603511641305233,0.0821050950450179,0.0350940196101673,0.0029107196780449366,0.00851467637471057,0.003173808064365566
PHASE2_REPRO_EXT,EICU,S1,P0,svm_linear_cal,1010,PHASE2_REPRO_EXT,0.7911697749502913,0.04143256542177404,0.2745830674278435,0.10850653907305433,0.034217260393841264,0.0034158903017279547,0.012131149796940261,0.004752533285644014
PHASE2_REPRO_EXT,EICU,S1,P0,svm_linear_cal,1011,PHASE2_REPRO_EXT,0.807762474874617,0.06408481033445898,0.25704977733680157,0.07961865872754638,0.03479981274069972,0.001503498589228372,0.006891272664543896,0.004418753159778226
PHASE2_REPRO_EXT,EICU,S1,P0,svm_linear_cal,1012,PHASE2_REPRO_EXT,0.8155041122147848,0.06314885960962727,0.28290599348224343,0.11468415752346892,0.03470709680620625,0.0017918005105204446,0.011326287156496528,0.0075525104150215554
PHASE2_REPRO_EXT,EICU,S1,P0,svm_linear_cal,1013,PHASE2_REPRO_EXT,0.8429383932114305,0.05152495108541287,0.24509786443994766,0.12272662407883597,0.0351052648994067,0.004834572258677563,0.016218770900323216,0.011457325695503484
PHASE2_REPRO_EXT,EICU,S1,P0,svm_linear_cal,1014,PHASE2_REPRO_EXT,0.7799897384358189,0.09062115132253695,0.2326351097260102,0.10949275157659084,0.03473457324324312,0.0025710502240824315,0.015837625841351365,0.007834201856817944
PHASE2_REPRO_EXT,EICU,S1,P0,svm_linear_cal,1015,PHASE2_REPRO_EXT,0.7970664665309299,0.08203114351181086,0.242537621447591,0.08886983890387076,0.03566886215189791,0.0016912525727336063,0.0072725477244761794,0.005462906292310826
PHASE2_REPRO_EXT,EICU,S1,P0,svm_linear_cal,1016,PHASE2_REPRO_EXT,0.7871485563339816,0.05912580952740839,0.2314707669052222,0.09557768555887465,0.035062205313391166,0.002257077737858247,0.012262662759826237,0.0046966149539572405
PHASE2_REPRO_EXT,EICU,S1,P0,svm_linear_cal,1017,PHASE2_REPRO_EXT,0.8279370867999315,0.06514609615446713,0.2650702144744797,0.12806121555030095,0.03515622316128458,0.001994723563693354,0.010914502503357104,0.00967837689429986
PHASE2_REPRO_EXT,EICU,S1,P0,svm_linear_cal,1018,PHASE2_REPRO_EXT,0.8143868647641845,0.07142091930557894,0.22547624561222487,0.04387311488483069,0.034619299666470094,0.0013785118658349678,0.010665990554469892,0.008065759144905094
PHASE2_REPRO_EXT,EICU,S1,P0,svm_linear_cal,1019,PHASE2_REPRO_EXT,0.8027638300732673,0.065146988747923,0.2418683381550407,0.06777625831539659,0.03477666894770377,0.0011984821623662275,0.013089810813780014,0.005883412529341773
PHASE2_REPRO_EXT,EICU,S1,P0,svm_linear_cal,1020,PHASE2_REPRO_EXT,0.8138024678709505,0.02950418311571768,0.2304347393344317,0.0791468449334019,0.035880106052875005,0.0017609596300755916,0.01038937387262091,0.006442926158054608
PHASE2_REPRO_EXT,EICU,S1,P0,xgb,1001,PHASE2_REPRO_EXT,0.8594185953853859,0.03869302458362561,0.38931946582796995,0.12199871554797678,0.030242912720129578,0.003383592746677349,0.014317447769425368,0.004096452648624517
PHASE2_REPRO_EXT,EICU,S1,P0,xgb,1002,PHASE2_REPRO_EXT,0.8638166188552582,0.03947021284188939,0.3659164549182327,0.07527742531652262,0.030858714506324075,0.0018831944640864944,0.02200698360382889,0.0023681945517364323
PHASE2_REPRO_EXT,EICU,S1,P0,xgb,1003,PHASE2_REPRO_EXT,0.8377786017385572,0.0615285988238856,0.3584095781817086,0.08711227171953846,0.0313160307514345,0.0027473731298668477,0.02270455561796077,0.005945421173519602
PHASE2_REPRO_EXT,EICU,S1,P0,xgb,1004,PHASE2_REPRO_EXT,0.8355983879641012,0.04061102176632794,0.33979812629465783,0.0594279888891981,0.03192307348519201,0.002500405013036517,0.022017328036805242,0.0067296979146789495
PHASE2_REPRO_EXT,EICU,S1,P0,xgb,1005,PHASE2_REPRO_EXT,0.822327618731664,0.05193195976462036,0.29573317994764664,0.06832529374110352,0.032646699542283594,0.0028079813434282153,0.02256147745807338,0.005018914932758225
PHASE2_REPRO_EXT,EICU,S1,P0,xgb,1006,PHASE2_REPRO_EXT,0.8200765280677903,0.05322211799213473,0.28318199857940474,0.0603401518480744,0.032632250327049715,0.001986324510453705,0.017108065691035682,0.0021383037894029057
PHASE2_REPRO_EXT,EICU,S1,P0,xgb,1007,PHASE2_REPRO_EXT,0.8296863745075207,0.04893953132885859,0.3200415532764974,0.07815075748251636,0.03194745872983453,0.0030716802000271266,0.01897205643629484,0.004035705564774873
PHASE2_REPRO_EXT,EICU,S1,P0,xgb,1008,PHASE2_REPRO_EXT,0.841023207505849,0.051326186888068275,0.3025028368500872,0.06760860497917581,0.032535026615088586,0.001939321756478597,0.02133812493171077,0.004303447057234127
PHASE2_REPRO_EXT,EICU,S1,P0,xgb,1009,PHASE2_REPRO_EXT,0.8309548865210857,0.041400767604348326,0.3651491552224644,0.07033883645839738,0.030817203608875632,0.0028124799966154756,0.019570039209802947,0.007335041145939261
PHASE2_REPRO_EXT,EICU,S1,P0,xgb,1010,PHASE2_REPRO_EXT,0.8243422841493796,0.0646578430023056,0.3614168340346444,0.12604337055355216,0.031086619185457586,0.003159160404259541,0.019503722819415877,0.004164909964824049
PHASE2_REPRO_EXT,EICU,S1,P0,xgb,1011,PHASE2_REPRO_EXT,0.8410670725757665,0.07977901138482746,0.3761569325437114,0.13586107911123743,0.031423684048063616,0.0024622471231167302,0.02521453539847871,0.003455360703520503
PHASE2_REPRO_EXT,EICU,S1,P0,xgb,1012,PHASE2_REPRO_EXT,0.8243469446775386,0.050731484926460006,0.32961012682026003,0.06438682498103637,0.03137934519791645,0.0022394125532436823,0.01641253855919469,0.004153401850191912
PHASE2_REPRO_EXT,EICU,S1,P0,xgb,1013,PHASE2_REPRO_EXT,0.8485840857396241,0.0335847324704323,0.36273011921730725,0.15919162038377271,0.030922517225729695,0.004876124241518904,0.01956473148904076,0.0065958982570637845
PHASE2_REPRO_EXT,EICU,S1,P0,xgb,1014,PHASE2_REPRO_EXT,0.8231470856724062,0.05514223823505749,0.3007523907349171,0.08798179937615519,0.03297669589095222,0.0026543564893095274,0.0212210243968114,0.005898509989804251
PHASE2_REPRO_EXT,EICU,S1,P0,xgb,1015,PHASE2_REPRO_EXT,0.8337880539781043,0.04593833959191397,0.32560627315421775,0.0746871021598522,0.031860225278770665,0.001504043066194015,0.020136238773423965,0.0029474666280809797
PHASE2_REPRO_EXT,EICU,S1,P0,xgb,1016,PHASE2_REPRO_EXT,0.8166384947971214,0.07807680651146619,0.2999845694173984,0.10803927200777838,0.033509631692712996,0.0034636859616355656,0.024441513959093938,0.007126361002660374
PHASE2_REPRO_EXT,EICU,S1,P0,xgb,1017,PHASE2_REPRO_EXT,0.853269056261343,0.048919882151897555,0.347824319860187,0.10932086530671202,0.031401820129251586,0.003250785489065067,0.01913167212860299,0.005788011792231307
PHASE2_REPRO_EXT,EICU,S1,P0,xgb,1018,PHASE2_REPRO_EXT,0.8401241172235991,0.0546896648003684,0.33259308091234546,0.07105386861980267,0.03180857319286591,0.001894990725544855,0.019897378070937482,0.0049074455699386925
PHASE2_REPRO_EXT,EICU,S1,P0,xgb,1019,PHASE2_REPRO_EXT,0.8488688888672057,0.051112897320437584,0.36484153356824345,0.03253410867167754,0.031002050428760287,0.0013117973611518987,0.020667452371125522,0.003680345552387185
PHASE2_REPRO_EXT,EICU,S1,P0,xgb,1020,PHASE2_REPRO_EXT,0.8454357966508163,0.030743244595172536,0.373465614073463,0.09781911650906526,0.030686441560237566,0.0016718366290471244,0.01700584722895133,0.004305384724888349
PHASE2_REPRO_EXT,EICU,S2,P0,extratrees,1001,PHASE2_REPRO_EXT,0.8338721036462446,0.06350421293221847,0.32943531982355634,0.07705472216473402,0.0336907846541247,0.010676894312780787,0.017866275023559607,0.009393440043336788
PHASE2_REPRO_EXT,EICU,S2,P0,extratrees,1002,PHASE2_REPRO_EXT,0.8257119712655683,0.04889045819155672,0.3603847739056546,0.10957022421760809,0.03326944231757916,0.010792533013195642,0.01818585549124032,0.008185394491048584
PHASE2_REPRO_EXT,EICU,S2,P0,extratrees,1003,PHASE2_REPRO_EXT,0.8263554159959385,0.06266959456990369,0.33439972599353374,0.06123929550416698,0.033359068831904815,0.010590541971288305,0.01838652367992714,0.00879584941197118
PHASE2_REPRO_EXT,EICU,S2,P0,extratrees,1004,PHASE2_REPRO_EXT,0.8231252664717676,0.045438769431872916,0.338997264183371,0.09158961427196455,0.032894040640238965,0.010045474112055605,0.01728296772017696,0.008283234135809923
PHASE2_REPRO_EXT,EICU,S2,P0,extratrees,1005,PHASE2_REPRO_EXT,0.8226573310671279,0.0430837607229703,0.3570123413760379,0.06852679583941755,0.033370080951604264,0.010332196947987997,0.0163159152648746,0.005029873103282874
PHASE2_REPRO_EXT,EICU,S2,P0,extratrees,1006,PHASE2_REPRO_EXT,0.8283634218068526,0.06455300867989021,0.33911142261379107,0.07457326941344453,0.033713064561402294,0.010528150281474127,0.01794576627263553,0.007975071567532582
PHASE2_REPRO_EXT,EICU,S2,P0,extratrees,1007,PHASE2_REPRO_EXT,0.816799631947147,0.04808333717154917,0.3456905109596617,0.06526135150079211,0.03314604294994838,0.010165062933070011,0.017425911611773176,0.005135979542657182
PHASE2_REPRO_EXT,EICU,S2,P0,extratrees,1008,PHASE2_REPRO_EXT,0.8294227803266419,0.06591932380956878,0.3233623034622938,0.06810091464146426,0.03351376420272487,0.010534148272822038,0.018021988456886334,0.008732984205867975
PHASE2_REPRO_EXT,EICU,S2,P0,extratrees,1009,PHASE2_REPRO_EXT,0.823407284818351,0.057410713743071516,0.36480707102984244,0.14833021538371832,0.032694463088653605,0.009686722210974108,0.016976412006366695,0.005408750799066343
PHASE2_REPRO_EXT,EICU,S2,P0,extratrees,1010,PHASE2_REPRO_EXT,0.8350451416363847,0.04936226125386999,0.36249312517225535,0.10355557096627858,0.03378279341420448,0.01071271647030165,0.017326025630050156,0.0063586005361848
PHASE2_REPRO_EXT,EICU,S2,P0,extratrees,1011,PHASE2_REPRO_EXT,0.821187479260327,0.05790097505821146,0.3396160548220596,0.10764483885031385,0.03381807047136129,0.010405642054272296,0.018568036890814005,0.008558299443125118
PHASE2_REPRO_EXT,EICU,S2,P0,extratrees,1012,PHASE2_REPRO_EXT,0.8410886675025926,0.06611286066223605,0.3801187414490655,0.09526520356672025,0.03327709266562859,0.010434328750780562,0.019219155750639906,0.009298387497590052
PHASE2_REPRO_EXT,EICU,S2,P0,extratrees,1013,PHASE2_REPRO_EXT,0.8255185524481744,0.0681527432229532,0.31743484359613955,0.07120861437113674,0.03362390906240364,0.010705653619607144,0.018617207128768867,0.008874612314487456
PHASE2_REPRO_EXT,EICU,S2,P0,extratrees,1014,PHASE2_REPRO_EXT,0.8352395421134023,0.04328340096956873,0.3672507094214237,0.0713900722270697,0.033129944247224284,0.010487904187272117,0.020251689930729254,0.00950281983715803
PHASE2_REPRO_EXT,EICU,S2,P0,extratrees,1015,PHASE2_REPRO_EXT,0.8291242856775638,0.05170620657547917,0.35203625657587134,0.08298947451560205,0.032927863047967555,0.009857919046467658,0.017398376110922282,0.008936149274672562
PHASE2_REPRO_EXT,EICU,S2,P0,extratrees,1016,PHASE2_REPRO_EXT,0.8294770534939866,0.05959431996157265,0.33741106884771704,0.066591842554637,0.03389413892765396,0.010789147998089017,0.014015480426614818,0.006139693623136901
PHASE2_REPRO_EXT,EICU,S2,P0,extratrees,1017,PHASE2_REPRO_EXT,0.8227750371220457,0.03969085787128976,0.32284313738767806,0.08143319609024843,0.03366615744524982,0.009459332033244866,0.017467106799122445,0.008167944017292532
PHASE2_REPRO_EXT,EICU,S2,P0,extratrees,1018,PHASE2_REPRO_EXT,0.8241455606646264,0.0727633085369757,0.35548459242274755,0.11654372591194569,0.03338162060503518,0.010713454065263068,0.018372725459239507,0.008312418083390762
PHASE2_REPRO_EXT,EICU,S2,P0,extratrees,1019,PHASE2_REPRO_EXT,0.8168397827450098,0.07592355561049112,0.32527986510808193,0.07092506177530117,0.033348225643522,0.010256469466385967,0.01718748985040634,0.009790371353721166
PHASE2_REPRO_EXT,EICU,S2,P0,extratrees,1020,PHASE2_REPRO_EXT,0.8419606297520399,0.05996905565469217,0.30588707566464096,0.07019573988323735,0.033566903179307626,0.010958252900665117,0.019299778772716554,0.01067882143683545
PHASE2_REPRO_EXT,EICU,S2,P0,lr_l2,1001,PHASE2_REPRO_EXT,0.7729683548431063,0.07805741643619965,0.2546525407939141,0.03370272790711874,0.03788371148024658,0.013454510697367627,0.014264264175685628,0.012238553852376875
PHASE2_REPRO_EXT,EICU,S2,P0,lr_l2,1002,PHASE2_REPRO_EXT,0.8170080518164677,0.0766311620906142,0.2907208706282116,0.05255316676028774,0.033918738149112705,0.009311705247265906,0.022767199506625833,0.011924606258581045
PHASE2_REPRO_EXT,EICU,S2,P0,lr_l2,1003,PHASE2_REPRO_EXT,0.802683165647786,0.06743543965110697,0.28073901479651164,0.03260075817283821,0.033379277738245776,0.009895622913767194,0.018838274058577825,0.0068011436030867446
PHASE2_REPRO_EXT,EICU,S2,P0,lr_l2,1004,PHASE2_REPRO_EXT,0.7597617792296004,0.05137713813224478,0.24499597155407646,0.046642448213578665,0.03543662145692826,0.010897657489486836,0.018530748683895207,0.0038468218685203098
PHASE2_REPRO_EXT,EICU,S2,P0,lr_l2,1005,PHASE2_REPRO_EXT,0.8127348888818829,0.055544205015128495,0.2945177670755534,0.0671098420165979,0.03444593284945123,0.009916898647924567,0.019533688692988178,0.007090536534653293
PHASE2_REPRO_EXT,EICU,S2,P0,lr_l2,1006,PHASE2_REPRO_EXT,0.7983723233730788,0.0511204349334118,0.2525698574382209,0.05227866598773205,0.03481439607714308,0.010479817215858687,0.02491197168112945,0.0071887300922333095
PHASE2_REPRO_EXT,EICU,S2,P0,lr_l2,1007,PHASE2_REPRO_EXT,0.8027214431282659,0.06774378251578812,0.24507190094049242,0.07822374971227657,0.03478032584616163,0.009686535264351757,0.01673753885143827,0.011681973089054205
PHASE2_REPRO_EXT,EICU,S2,P0,lr_l2,1008,PHASE2_REPRO_EXT,0.801358195326185,0.05301213293997937,0.27360918918784705,0.039128862731297,0.03427297204842268,0.010041652355700714,0.021750402229877164,0.008822121486986054
PHASE2_REPRO_EXT,EICU,S2,P0,lr_l2,1009,PHASE2_REPRO_EXT,0.8037083548540483,0.05910760959624736,0.3202473062833536,0.07039356472887849,0.032281234574247586,0.009953693088069137,0.01581979151075899,0.008575437628739638
PHASE2_REPRO_EXT,EICU,S2,P0,lr_l2,1010,PHASE2_REPRO_EXT,0.7759789908306234,0.042810479801352594,0.26592959984227693,0.026204141369601117,0.03387226350969355,0.010136324657925603,0.01823675558518287,0.007665239042588677
PHASE2_REPRO_EXT,EICU,S2,P0,lr_l2,1011,PHASE2_REPRO_EXT,0.7791906585723218,0.04952646094885508,0.264876000818843,0.04766697843059037,0.03442392584132879,0.010426922457218017,0.01608958445012549,0.004659696006789864
PHASE2_REPRO_EXT,EICU,S2,P0,lr_l2,1012,PHASE2_REPRO_EXT,0.8234671478933864,0.06355329492035931,0.295514047720348,0.042261674551077315,0.03358955546433317,0.01005325142266559,0.01960554606367737,0.011867693066524264
PHASE2_REPRO_EXT,EICU,S2,P0,lr_l2,1013,PHASE2_REPRO_EXT,0.7839120757914092,0.09031453274758465,0.25725721367283894,0.0643077676225793,0.035972849701523965,0.011554093669574644,0.01802700849825811,0.01445000026307257
PHASE2_REPRO_EXT,EICU,S2,P0,lr_l2,1014,PHASE2_REPRO_EXT,0.8212143486889822,0.06604329926500589,0.2984211813713435,0.06992173920644691,0.03346705793356165,0.010087388595080099,0.021419903918439242,0.006391000390608602
PHASE2_REPRO_EXT,EICU,S2,P0,lr_l2,1015,PHASE2_REPRO_EXT,0.805315003086036,0.055550262692277926,0.28693425948445983,0.06141602286453418,0.034946265367081626,0.010839980800505597,0.01754581018231153,0.009968774174775263
PHASE2_REPRO_EXT,EICU,S2,P0,lr_l2,1016,PHASE2_REPRO_EXT,0.8027989671643256,0.0671395059392957,0.29215138449644745,0.057888345384187544,0.034088514592475104,0.01001931733434422,0.018800665986275413,0.008706818191455199
PHASE2_REPRO_EXT,EICU,S2,P0,lr_l2,1017,PHASE2_REPRO_EXT,0.7848983860067651,0.06894881333429126,0.2619011623278743,0.04679073043648945,0.033581732201096996,0.010498125144147781,0.01272324219749508,0.0031433636878810335
PHASE2_REPRO_EXT,EICU,S2,P0,lr_l2,1018,PHASE2_REPRO_EXT,0.8222078536924655,0.06884838095706307,0.3173695126199556,0.0978347550838615,0.032842466601200195,0.010133909824239139,0.02061280537399344,0.007901502446784356
PHASE2_REPRO_EXT,EICU,S2,P0,lr_l2,1019,PHASE2_REPRO_EXT,0.7849185932406215,0.07396788789012462,0.2552907780671907,0.023015109557321563,0.03473219816792568,0.010869962372505561,0.018393707363455802,0.008366615731429746
PHASE2_REPRO_EXT,EICU,S2,P0,lr_l2,1020,PHASE2_REPRO_EXT,0.8031458252549035,0.054846677202276484,0.25180195985491116,0.03348781816914921,0.034088087038624995,0.010785751620950908,0.016688485731825946,0.009988040430559461
PHASE2_REPRO_EXT,EICU,S2,P0,rf,1001,PHASE2_REPRO_EXT,0.8109155361800688,0.07283014440611807,0.33304903964429383,0.06091719612223779,0.0325043517405257,0.010151644687588699,0.0208006472299281,0.006206849381502548
PHASE2_REPRO_EXT,EICU,S2,P0,rf,1002,PHASE2_REPRO_EXT,0.815060050114319,0.053705058248271965,0.3391212996294463,0.07588715117812095,0.03204160191916512,0.010430010225756417,0.016749466740703867,0.006075264873474151
PHASE2_REPRO_EXT,EICU,S2,P0,rf,1003,PHASE2_REPRO_EXT,0.7926952606115597,0.056942221653423226,0.33359530029989576,0.06126960026270524,0.03337964545783916,0.009876428478935753,0.019876926923455406,0.00817081660629313
PHASE2_REPRO_EXT,EICU,S2,P0,rf,1004,PHASE2_REPRO_EXT,0.815546795097102,0.06499489343702364,0.32378437374725155,0.09331587975752,0.032903011589280454,0.010151677817913084,0.022822632173000155,0.009839016626354403
PHASE2_REPRO_EXT,EICU,S2,P0,rf,1005,PHASE2_REPRO_EXT,0.8125922895319319,0.05739326487846393,0.3507776294722146,0.06078201870138465,0.03172085360612979,0.009614204928804002,0.015218079653953174,0.0054468021126673274
PHASE2_REPRO_EXT,EICU,S2,P0,rf,1006,PHASE2_REPRO_EXT,0.8148642357912117,0.06662746010148342,0.349558624338181,0.06648060724115147,0.032262985548960274,0.009453879492245692,0.02014968320744623,0.008662885748584554
PHASE2_REPRO_EXT,EICU,S2,P0,rf,1007,PHASE2_REPRO_EXT,0.8024573717905813,0.04123758237330466,0.3190587361568572,0.06119916964875334,0.03274561816228709,0.010153661491039266,0.017912515802733266,0.00327600145203337
PHASE2_REPRO_EXT,EICU,S2,P0,rf,1008,PHASE2_REPRO_EXT,0.7983941103710553,0.05858622395426826,0.35360546730150877,0.0638744826205424,0.031664913030804556,0.009660559894883623,0.017499361722997504,0.007710875780067167
PHASE2_REPRO_EXT,EICU,S2,P0,rf,1009,PHASE2_REPRO_EXT,0.8152014258668734,0.06606316234655997,0.35642618674181453,0.0923981355292163,0.03164602536451253,0.009685908850465871,0.015791370956907254,0.003976710966139853
PHASE2_REPRO_EXT,EICU,S2,P0,rf,1010,PHASE2_REPRO_EXT,0.8062150038804685,0.04996970886301763,0.32968663122201713,0.05825568376139244,0.032294772709349044,0.009951983677349934,0.01713819260777864,0.004995583018045233
PHASE2_REPRO_EXT,EICU,S2,P0,rf,1011,PHASE2_REPRO_EXT,0.8166020015253306,0.07783699970963227,0.32548378814795736,0.07551016557109314,0.032802503749664175,0.009836908964281521,0.018332740362386586,0.007432294940087168
PHASE2_REPRO_EXT,EICU,S2,P0,rf,1012,PHASE2_REPRO_EXT,0.8302678478931693,0.07288058272287908,0.37219774488421115,0.09863941171741768,0.0315576557816256,0.010114756800531022,0.017456863680393647,0.00696382927861299
PHASE2_REPRO_EXT,EICU,S2,P0,rf,1013,PHASE2_REPRO_EXT,0.8225217714686426,0.04385523302467707,0.34024531855601164,0.06500850382651699,0.032176216924008925,0.009920502738200188,0.01704794072011918,0.006981983591779654
PHASE2_REPRO_EXT,EICU,S2,P0,rf,1014,PHASE2_REPRO_EXT,0.8201537521597466,0.045148318588542256,0.3326350056963223,0.07149074945523859,0.033013423515248434,0.010474630085221422,0.020155461475774177,0.006993079326207716
PHASE2_REPRO_EXT,EICU,S2,P0,rf,1015,PHASE2_REPRO_EXT,0.8111802882159749,0.05524661274884652,0.34506894902762425,0.08182435983271699,0.03181147510848877,0.010082384002652373,0.02044480415984874,0.005460338536958835
PHASE2_REPRO_EXT,EICU,S2,P0,rf,1016,PHASE2_REPRO_EXT,0.8056424505891148,0.06637006246227974,0.3446383527444832,0.06509069631431844,0.03169937877015908,0.009416605286181708,0.016143498404355472,0.005469491726451389
PHASE2_REPRO_EXT,EICU,S2,P0,rf,1017,PHASE2_REPRO_EXT,0.8280647615082415,0.07384952649317449,0.3523772038683427,0.11315600129901224,0.03225228618313748,0.00984531030027529,0.02295536859089451,0.010073187143849461
PHASE2_REPRO_EXT,EICU,S2,P0,rf,1018,PHASE2_REPRO_EXT,0.8179888012820828,0.06498606783973533,0.3611356793800335,0.07486048136737312,0.03209786738760424,0.009913858993984606,0.018511121693074842,0.006403390314179592
PHASE2_REPRO_EXT,EICU,S2,P0,rf,1019,PHASE2_REPRO_EXT,0.8014163459128868,0.06958131405092245,0.328813242134851,0.07444023243251374,0.03242932167620355,0.009724876109386979,0.017836740173683543,0.009579892216141453
PHASE2_REPRO_EXT,EICU,S2,P0,rf,1020,PHASE2_REPRO_EXT,0.8251239118862383,0.0792680253931229,0.31916005562934735,0.09471132507911961,0.033057226846277245,0.01010184233999444,0.018996868568006895,0.009028926698908724
PHASE2_REPRO_EXT,EICU,S2,P0,svm_linear_cal,1001,PHASE2_REPRO_EXT,0.6474348824974525,0.2844072951465185,0.1905501072636036,0.1064439708433645,0.03607286685560223,0.011614446373964277,0.012443641402317204,0.008887730390660759
PHASE2_REPRO_EXT,EICU,S2,P0,svm_linear_cal,1002,PHASE2_REPRO_EXT,0.8157868905186862,0.04766260671325091,0.2364114273959303,0.047011585232955615,0.03465962908326322,0.010206533042477501,0.01707803134641392,0.015280922466658355
PHASE2_REPRO_EXT,EICU,S2,P0,svm_linear_cal,1003,PHASE2_REPRO_EXT,0.8158914059855785,0.0654297150424735,0.24229335479636668,0.043442742177707994,0.034375301564518006,0.010465310351291373,0.019366552970769425,0.00945674309504838
PHASE2_REPRO_EXT,EICU,S2,P0,svm_linear_cal,1004,PHASE2_REPRO_EXT,0.7621593711066927,0.04782526825753061,0.23185639087714568,0.03913090788493808,0.03575928050330655,0.01123419266604244,0.019687454405232035,0.0026369012156657588
PHASE2_REPRO_EXT,EICU,S2,P0,svm_linear_cal,1005,PHASE2_REPRO_EXT,0.7948768899252765,0.035845359766479803,0.2457449196775637,0.05128315981065356,0.03524078454964533,0.01080687002233749,0.01674696524208033,0.009731712744158719
PHASE2_REPRO_EXT,EICU,S2,P0,svm_linear_cal,1006,PHASE2_REPRO_EXT,0.8031867857226771,0.05045575352739186,0.2431692021013793,0.08348327109254475,0.035230555380633174,0.01095538547058657,0.01956252217338559,0.01218774662040386
PHASE2_REPRO_EXT,EICU,S2,P0,svm_linear_cal,1007,PHASE2_REPRO_EXT,0.8170536608791069,0.05474087224245731,0.24831846851662304,0.07422225409342319,0.03486959530467819,0.010201337818157458,0.01766548999104043,0.013406895983657898
PHASE2_REPRO_EXT,EICU,S2,P0,svm_linear_cal,1008,PHASE2_REPRO_EXT,0.7781882799910266,0.07365926108600342,0.2395479477462234,0.06000596391678124,0.035247300313639277,0.010689991900402061,0.018634794482617113,0.01005065573812925
PHASE2_REPRO_EXT,EICU,S2,P0,svm_linear_cal,1009,PHASE2_REPRO_EXT,0.8066940232933151,0.05817023124776446,0.3146613169675964,0.08060139942494303,0.03354657543026556,0.010432836924866143,0.01826919685011144,0.007687567613620531
PHASE2_REPRO_EXT,EICU,S2,P0,svm_linear_cal,1010,PHASE2_REPRO_EXT,0.7869485230637653,0.04044654880034012,0.24805395646181366,0.0215219630832777,0.03388283487741401,0.01046149464980382,0.017365248989487596,0.00788151659623309
PHASE2_REPRO_EXT,EICU,S2,P0,svm_linear_cal,1011,PHASE2_REPRO_EXT,0.8029972057434887,0.03681187446515184,0.26237031904084207,0.05844466217218852,0.034497334721392485,0.010551005086890337,0.017978260948915508,0.005318678753593147
PHASE2_REPRO_EXT,EICU,S2,P0,svm_linear_cal,1012,PHASE2_REPRO_EXT,0.8224787272794378,0.053439365138167175,0.27117867775325755,0.05212639487564488,0.03486801304938765,0.010777139214668066,0.019965686659568983,0.012372468134756323
PHASE2_REPRO_EXT,EICU,S2,P0,svm_linear_cal,1013,PHASE2_REPRO_EXT,0.7873184117251169,0.08252632989734364,0.2573502727457328,0.05473210543622434,0.035138997850730214,0.010906727486853304,0.016546117163208227,0.01023137632844266
PHASE2_REPRO_EXT,EICU,S2,P0,svm_linear_cal,1014,PHASE2_REPRO_EXT,0.8140071724728346,0.05432600745631494,0.24987891722685412,0.053186826552255206,0.0345654022937021,0.010834908792782526,0.019094557614305924,0.0033676635478853355
PHASE2_REPRO_EXT,EICU,S2,P0,svm_linear_cal,1015,PHASE2_REPRO_EXT,0.8008685710394481,0.05267996678567677,0.2560070492033734,0.0568511281365734,0.0353930522710093,0.011138041094005664,0.014138472688489574,0.004742824747192471
PHASE2_REPRO_EXT,EICU,S2,P0,svm_linear_cal,1016,PHASE2_REPRO_EXT,0.7850310579299392,0.05429954707028953,0.260709600629678,0.07524152412706293,0.035235618161188656,0.010776417682150416,0.01563935567359579,0.011228844135096637
PHASE2_REPRO_EXT,EICU,S2,P0,svm_linear_cal,1017,PHASE2_REPRO_EXT,0.7901600780719662,0.048318535758587834,0.23321239301874436,0.03853319599387966,0.035260433226391046,0.011181709075585178,0.012071937113308054,0.0027126936011670245
PHASE2_REPRO_EXT,EICU,S2,P0,svm_linear_cal,1018,PHASE2_REPRO_EXT,0.8259128782656783,0.06901774198322126,0.2950796746390282,0.09835570648956743,0.03447736853228319,0.010818843737492792,0.017497491142089046,0.007392094922281471
PHASE2_REPRO_EXT,EICU,S2,P0,svm_linear_cal,1019,PHASE2_REPRO_EXT,0.7892745179067304,0.08666422520597068,0.2464040265260873,0.038153272151607534,0.03484814962878721,0.010935860794060805,0.01585346430248831,0.006029691625422455
PHASE2_REPRO_EXT,EICU,S2,P0,svm_linear_cal,1020,PHASE2_REPRO_EXT,0.812285434088866,0.040916583332543256,0.23996988964494395,0.03700802263707438,0.03457346705537428,0.011262289232987267,0.014120875839799823,0.006598029109807428
PHASE2_REPRO_EXT,EICU,S2,P0,xgb,1001,PHASE2_REPRO_EXT,0.8069298865786252,0.03754759420725557,0.3209197827285494,0.07425769407619781,0.032228577069466,0.010374712453865426,0.022567295089911548,0.009228495323489499
PHASE2_REPRO_EXT,EICU,S2,P0,xgb,1002,PHASE2_REPRO_EXT,0.8359456238201887,0.04376973277586711,0.3289072897650622,0.08410610112204658,0.03226842516401931,0.01041616999583802,0.024262173427418904,0.011922740271540708
PHASE2_REPRO_EXT,EICU,S2,P0,xgb,1003,PHASE2_REPRO_EXT,0.8264220908991888,0.048056714914533165,0.33408697724270764,0.0778625433068484,0.032281888779246176,0.011241210161932873,0.0217808124058953,0.008705663868032136
PHASE2_REPRO_EXT,EICU,S2,P0,xgb,1004,PHASE2_REPRO_EXT,0.8302168201695265,0.03030963344005589,0.3333217781881363,0.07444651968245039,0.032140526506153025,0.01017919924598571,0.022574594559188248,0.005250428210746203
PHASE2_REPRO_EXT,EICU,S2,P0,xgb,1005,PHASE2_REPRO_EXT,0.8106597007388692,0.04391396613218708,0.3004586766493453,0.08225207749715081,0.032924110393018166,0.01096371577790031,0.021668206819942186,0.010293177483255502
PHASE2_REPRO_EXT,EICU,S2,P0,xgb,1006,PHASE2_REPRO_EXT,0.8232843699975895,0.03215373798845668,0.3456729948098327,0.06783755841707942,0.03203780029638264,0.010497546970945695,0.023288289164697426,0.00912374833054242
PHASE2_REPRO_EXT,EICU,S2,P0,xgb,1007,PHASE2_REPRO_EXT,0.8197483328593502,0.05479960180954511,0.3033647520390655,0.07414875079226246,0.032762622627335855,0.010935030966359387,0.02173988718587908,0.010868332383800366
PHASE2_REPRO_EXT,EICU,S2,P0,xgb,1008,PHASE2_REPRO_EXT,0.826061214104701,0.03380660321282012,0.34203626746347876,0.05533819070209326,0.03178094613161748,0.010105426178983455,0.020055031013294318,0.01076854735528763
PHASE2_REPRO_EXT,EICU,S2,P0,xgb,1009,PHASE2_REPRO_EXT,0.8345889624455335,0.04027552797283616,0.3380630052191521,0.06149368415139207,0.03220168469146937,0.010999888315479354,0.02156680912177039,0.00721509670407683
PHASE2_REPRO_EXT,EICU,S2,P0,xgb,1010,PHASE2_REPRO_EXT,0.7911126199154739,0.02240396386415968,0.26486162821383374,0.04889908959967291,0.03319433154692773,0.010795008700447334,0.02386324445395692,0.010887599177041019
PHASE2_REPRO_EXT,EICU,S2,P0,xgb,1011,PHASE2_REPRO_EXT,0.822397407611651,0.04604371700740615,0.31406090724477453,0.06039260756017521,0.03208726627404389,0.00996735785779549,0.022832584953980342,0.00889339410858395
PHASE2_REPRO_EXT,EICU,S2,P0,xgb,1012,PHASE2_REPRO_EXT,0.8355573515550226,0.048308890956698415,0.3210014291505564,0.05609485576329929,0.03218700000451184,0.009924905024460346,0.01922059532635184,0.00847913207187276
PHASE2_REPRO_EXT,EICU,S2,P0,xgb,1013,PHASE2_REPRO_EXT,0.8349225204061197,0.04841021514288259,0.3306462207238103,0.044835123491435674,0.031934566430846786,0.009845881050674722,0.02267720469976802,0.004589839047384699
PHASE2_REPRO_EXT,EICU,S2,P0,xgb,1014,PHASE2_REPRO_EXT,0.8261373092123744,0.03188970403271309,0.33919973562247646,0.05875087281954665,0.0315588485628839,0.009922688426516415,0.020188132159513594,0.0049032208170648635
PHASE2_REPRO_EXT,EICU,S2,P0,xgb,1015,PHASE2_REPRO_EXT,0.8088755474933604,0.04016880689116581,0.33496028279962814,0.040925769633571564,0.03238455978634482,0.010689514216739707,0.02403254928942232,0.009888413891449574
PHASE2_REPRO_EXT,EICU,S2,P0,xgb,1016,PHASE2_REPRO_EXT,0.8241794171864946,0.036859574306781315,0.34804559816739705,0.059009335181691554,0.031730863721695,0.009621300816627851,0.020747634292570306,0.008076726751246766
PHASE2_REPRO_EXT,EICU,S2,P0,xgb,1017,PHASE2_REPRO_EXT,0.8263335069084675,0.03372150955078925,0.3199639692194956,0.07189624422941454,0.032402913950182084,0.01053793843827515,0.02390506441324309,0.007155974593909407
PHASE2_REPRO_EXT,EICU,S2,P0,xgb,1018,PHASE2_REPRO_EXT,0.8384090623810183,0.03782205928958576,0.34314975568450073,0.04598388625356408,0.03194591457330966,0.010938568504673615,0.0233503556846255,0.006601126468907716
PHASE2_REPRO_EXT,EICU,S2,P0,xgb,1019,PHASE2_REPRO_EXT,0.8251672556971206,0.05605965407309229,0.3408464743009372,0.06435769198404831,0.03169423353150459,0.010644036802640018,0.02238460194092179,0.0054573141990266
PHASE2_REPRO_EXT,EICU,S2,P0,xgb,1020,PHASE2_REPRO_EXT,0.8234414539502353,0.04987308657974612,0.3104900949726022,0.09068984118083015,0.033117985455221,0.011331396485455338,0.025375282677904863,0.0109168146233381
