split,seed,miss_rate,winner_model,winner_auc,winner_ap,winner_brier
S1,1001,0.0,xgb,0.962313061884726,0.5913195439228455,0.01545715539667864
S1,1001,0.05,xgb,0.9571336351234221,0.5602808738796341,0.016231288368618542
S1,1001,0.1,xgb,0.9566365739322744,0.5492995872472163,0.016368215678497323
S1,1001,0.2,xgb,0.952984472316803,0.5192182623764016,0.017001404221496923
S1,1001,0.3,xgb,0.9425457510426506,0.48684325101406517,0.01762389846973456
S1,1001,0.4,xgb,0.9315276671999749,0.40364941924274217,0.01922864718992926
S1,1001,0.5,xgb,0.9307977920022312,0.41949419141152927,0.018832498191261
S1,1001,0.6,xgb,0.9023386844585847,0.35369607889951754,0.02005360367011886
S1,1001,0.7,xgb,0.896915229925518,0.33102007577554987,0.020523736508955802
S1,1002,0.0,xgb,0.9584969325772527,0.5790484732174256,0.015809888004459222
S1,1002,0.05,xgb,0.9569256748635666,0.5520920394568507,0.01638866016186998
S1,1002,0.1,xgb,0.9547271843030891,0.5378790105630623,0.01677998563239308
S1,1002,0.2,xgb,0.9500696080127469,0.5023951836076519,0.01739371189785262
S1,1002,0.3,xgb,0.9412041871887725,0.4611960618732812,0.0182116915771314
S1,1002,0.4,xgb,0.9439284502807169,0.44923303107173485,0.01855926265333942
S1,1002,0.5,xgb,0.9280531405247048,0.395092972588973,0.0193352116442685
S1,1002,0.6,xgb,0.9191332853580765,0.3792486184723593,0.01975334365118496
S1,1002,0.7,xgb,0.8928379754008233,0.288581178900968,0.021191792861349378
S1,1003,0.0,xgb,0.9571849044342258,0.5708281837437431,0.01594735967966586
S1,1003,0.05,xgb,0.9571436770516328,0.5570341405641116,0.01638601999110978
S1,1003,0.1,xgb,0.9556314843137359,0.558312164205937,0.01606703054529884
S1,1003,0.2,xgb,0.9539916037005316,0.5019757422393749,0.0174893660775295
S1,1003,0.3,xgb,0.9413212177562938,0.4691746043773072,0.017953805315705278
S1,1003,0.4,xgb,0.9342236302902232,0.47174604548305005,0.01777862043251302
S1,1003,0.5,xgb,0.9255505441356615,0.43248195452079585,0.018623613835017018
S1,1003,0.6,xgb,0.9204790224293525,0.3522224011543599,0.02023693191586076
S1,1003,0.7,xgb,0.8985427508682859,0.30936886225203364,0.02083347663293488
S1,1004,0.0,xgb,0.9584979903511458,0.5660304943333649,0.0158589974583506
S1,1004,0.05,xgb,0.9579990774739429,0.5420573369188695,0.016566151280779602
S1,1004,0.1,xgb,0.9566590544037638,0.5463583572166933,0.0164275383836168
S1,1004,0.2,xgb,0.9525371526978142,0.5383877884746644,0.01655874671182874
S1,1004,0.3,xgb,0.9490783096314029,0.464885004208234,0.01809016266340116
S1,1004,0.4,xgb,0.9352814842611714,0.41933101568681036,0.01888385615401008
S1,1004,0.5,xgb,0.9268039009503202,0.3902618164048552,0.01940045397356728
S1,1004,0.6,xgb,0.9152602956759346,0.36177366461883054,0.020004911654866002
S1,1004,0.7,xgb,0.8958895318825293,0.3077015407710567,0.02081285637164592
S1,1005,0.0,xgb,0.9612149953548285,0.5760035494469381,0.015949017874926162
S1,1005,0.05,xgb,0.9566595699288147,0.5470257822902015,0.016481924348588438
S1,1005,0.1,xgb,0.9554031070720239,0.5571095424518697,0.016203431797513202
S1,1005,0.2,xgb,0.9483757828839885,0.5073453096240678,0.01727481998189142
S1,1005,0.3,xgb,0.9476806052467447,0.491937834174862,0.01771056973227684
S1,1005,0.4,xgb,0.9372348769425345,0.4177645842342814,0.01903539153835686
S1,1005,0.5,xgb,0.9263563354568676,0.4071046563787018,0.01913026433258872
S1,1005,0.6,xgb,0.9118374775737266,0.355247108658857,0.02005129676733754
S1,1005,0.7,xgb,0.8993218476046337,0.3125716074453762,0.02073193940337924
S1,1006,0.0,xgb,0.9575806868708128,0.5696972295021567,0.01604608378872028
S1,1006,0.05,xgb,0.952848857494911,0.5557591577225333,0.01626046327565336
S1,1006,0.1,xgb,0.9555187284880491,0.5369992045920939,0.016831228134286058
S1,1006,0.2,xgb,0.9501226145258185,0.5023753201445039,0.01732721913946132
S1,1006,0.3,xgb,0.9439373041351254,0.453264331844556,0.0183110346242039
S1,1006,0.4,rf,0.9393810585354354,0.46552112856585576,0.01890353438248412
S1,1006,0.5,xgb,0.9196762641727719,0.3909599945623342,0.0195682821570974
S1,1006,0.6,xgb,0.9131810589829616,0.39204649221276433,0.0195106449225075
S1,1006,0.7,xgb,0.9012192516523125,0.32023950805171547,0.020840738471268237
S1,1007,0.0,xgb,0.960979673355466,0.5795996254077543,0.01580874821325674
S1,1007,0.05,xgb,0.9591096442351867,0.559065767171897,0.01618942842671032
S1,1007,0.1,xgb,0.9560457212449739,0.5547217508883298,0.01645484062535478
S1,1007,0.2,xgb,0.9525397511852857,0.4977489181214085,0.017548469858494196
S1,1007,0.3,xgb,0.9409622381098565,0.4780691537944012,0.01788623255985064
S1,1007,0.4,xgb,0.9368005583831561,0.4732745480030475,0.01790989759022902
S1,1007,0.5,xgb,0.9222540581736831,0.4206531692805549,0.01893154738324824
S1,1007,0.6,xgb,0.9139022427129347,0.3904854217781294,0.01945188131560786
S1,1007,0.7,xgb,0.8977479805035975,0.299568082214742,0.021007101636826862
S1,1008,0.0,xgb,0.9560826346285088,0.5704134930241949,0.01614131902798238
S1,1008,0.05,xgb,0.9532513099976596,0.5562621350603214,0.01641565744490272
S1,1008,0.1,xgb,0.9523155958974796,0.5261833955930653,0.01700587530319298
S1,1008,0.2,xgb,0.9502203678798896,0.5011003155194129,0.017421292341989518
S1,1008,0.3,xgb,0.9411413478942707,0.46070477990969716,0.01823979878131768
S1,1008,0.4,xgb,0.9352834887273239,0.427555170812225,0.01872998824271368
S1,1008,0.5,xgb,0.9355947452815144,0.42983105795070325,0.01879800777792794
S1,1008,0.6,xgb,0.9162554382941558,0.36666891148237124,0.019834484674040743
S1,1008,0.7,xgb,0.8953354672080828,0.2826653308437256,0.02125487733895372
S1,1009,0.0,xgb,0.9627725221091822,0.5906412684681124,0.01564681581665986
S1,1009,0.05,xgb,0.9565940905418717,0.558553720914399,0.01611365948781828
S1,1009,0.1,xgb,0.9563331623872907,0.5509853434289337,0.016353430547459257
S1,1009,0.2,xgb,0.9558014449055918,0.5538228414505179,0.01644603542363706
S1,1009,0.3,xgb,0.9483026835130705,0.5043150990255574,0.01726650125828602
S1,1009,0.4,xgb,0.9295644502971054,0.44948423014138666,0.0183381176819701
S1,1009,0.5,xgb,0.9209180864900193,0.4002858516680158,0.01930605831999308
S1,1009,0.6,xgb,0.9083880318052158,0.37620323654090626,0.01977660411621654
S1,1009,0.7,xgb,0.8967450709543101,0.3421315402800888,0.02032133190108044
S1,1010,0.0,xgb,0.9572535325953965,0.5798036141032928,0.01566854086559282
S1,1010,0.05,xgb,0.9539749749109048,0.5473430775244919,0.01649621259965648
S1,1010,0.1,xgb,0.9550326433735515,0.536403898139454,0.0166601206200334
S1,1010,0.2,xgb,0.9472128550840292,0.5245697359099546,0.01676588232133544
S1,1010,0.3,xgb,0.9381125102763755,0.46503757969574605,0.01830217558223174
S1,1010,0.4,xgb,0.9297377046053464,0.44600666524851185,0.01846057247611996
S1,1010,0.5,xgb,0.9272429442552493,0.42025970899670745,0.01891427526813948
S1,1010,0.6,xgb,0.9118891367895822,0.3648015090829987,0.01993956221051876
S1,1010,0.7,xgb,0.8971709249046771,0.3389963879444178,0.02036800894048212
S1,1011,0.0,xgb,0.9589911896194085,0.5782868027881969,0.0158059885101603
S1,1011,0.05,xgb,0.9559572740188618,0.5633868504061127,0.01613842169302538
S1,1011,0.1,xgb,0.9519300462837161,0.537325534362955,0.01671487693714092
S1,1011,0.2,xgb,0.9486139621111425,0.511473149862953,0.01716090283207464
S1,1011,0.3,xgb,0.9408621176979061,0.46491730685052335,0.01806007942309098
S1,1011,0.4,xgb,0.9335959497822677,0.45664619407727336,0.01829127009157648
S1,1011,0.5,xgb,0.925271147737571,0.4015253473115535,0.01923219579825352
S1,1011,0.6,xgb,0.9222240067274188,0.36591173030796964,0.0199251022860656
S1,1011,0.7,xgb,0.8961700618368486,0.29875347403525243,0.02103762594554664
S1,1012,0.0,xgb,0.9614237692073992,0.5856944356287628,0.015671495230724898
S1,1012,0.05,xgb,0.9595246670224936,0.576314048363456,0.01587293364394472
S1,1012,0.1,xgb,0.9552316688648634,0.5463598504253593,0.01661247124331748
S1,1012,0.2,xgb,0.9535645695740348,0.5151315701787398,0.017246259458198198
S1,1012,0.3,xgb,0.9490390837958621,0.4838960583598194,0.01797465909500732
S1,1012,0.4,xgb,0.9410602439141581,0.4648639920771986,0.01797853451505496
S1,1012,0.5,xgb,0.9224073871996502,0.3910185019240805,0.01942828945802432
S1,1012,0.6,xgb,0.9067933536282065,0.37049910227052607,0.01968857461206856
S1,1012,0.7,xgb,0.9015553139309279,0.31324781422136916,0.02079209793535908
S1,1013,0.0,xgb,0.9595094793490299,0.5665980692213285,0.016037678285688063
S1,1013,0.05,xgb,0.956225890200502,0.5508849385341202,0.016285392004522482
S1,1013,0.1,xgb,0.9530420120627113,0.5261343143261974,0.01690408115081908
S1,1013,0.2,xgb,0.9477559446946809,0.4789876839694413,0.0178310703867469
S1,1013,0.3,xgb,0.9440794950665877,0.49524976190766434,0.01753598470630002
S1,1013,0.4,xgb,0.9359330684604095,0.4349939085367599,0.01876278660951852
S1,1013,0.5,xgb,0.9270452270454568,0.4191887036624099,0.018756385094819538
S1,1013,0.6,xgb,0.916279814110948,0.3434475784071254,0.02023281492372498
S1,1013,0.7,xgb,0.9065130737192362,0.3533969701685974,0.02012425411849958
S1,1014,0.0,xgb,0.9582911263380938,0.5664259283901686,0.015996707696159882
S1,1014,0.05,xgb,0.9548852964903738,0.5491853915173719,0.01641477685250728
S1,1014,0.1,xgb,0.9531922153374255,0.5334317578394872,0.01677605428012132
S1,1014,0.2,xgb,0.947373759551722,0.4997430903179021,0.017484191849229398
S1,1014,0.3,xgb,0.9337503660198514,0.4589459846123495,0.01806759005799756
S1,1014,0.4,xgb,0.936088065988503,0.42548664392433205,0.01886213057464834
S1,1014,0.5,xgb,0.9321224453343525,0.39949403565617414,0.0192552344271958
S1,1014,0.6,xgb,0.9166673246848432,0.3826794018933798,0.0196043219513273
S1,1014,0.7,xgb,0.8981416636863797,0.3318819846402696,0.020427412976359322
S1,1015,0.0,xgb,0.9567692868360929,0.5880708826939578,0.01555502698675446
S1,1015,0.05,xgb,0.9554183835858622,0.5641433438416193,0.01613768199426992
S1,1015,0.1,xgb,0.9498127095514033,0.5453904324333926,0.01640336239326976
S1,1015,0.2,xgb,0.944633312308332,0.5189532685214705,0.01711997433702602
S1,1015,0.3,xgb,0.9461336455781639,0.48743756293883944,0.017770798595019878
S1,1015,0.4,xgb,0.9291478280194614,0.4475669288611833,0.01845482088436672
S1,1015,0.5,xgb,0.9260762806614291,0.40019118352320404,0.019329195833998482
S1,1015,0.6,xgb,0.9140862593074941,0.34701785560210224,0.020209355917633082
S1,1015,0.7,xgb,0.8913598218338693,0.30264537708004646,0.0210392640389316
S1,1016,0.0,xgb,0.9559312430150918,0.5717061385950417,0.01593299812924856
S1,1016,0.05,xgb,0.9543548797639021,0.539292765805426,0.01661203591473982
S1,1016,0.1,xgb,0.953014729954389,0.543523442907369,0.016577722670516302
S1,1016,0.2,xgb,0.9494949040892943,0.518103247467343,0.016932212588582
S1,1016,0.3,xgb,0.933518305216435,0.44570735264487515,0.01851668552425948
S1,1016,0.4,xgb,0.9342359821045401,0.44773128682306745,0.01837403651956956
S1,1016,0.5,xgb,0.9303955868880349,0.4340211800442922,0.0187827064147552
S1,1016,0.6,xgb,0.9139252907754196,0.3605604294594244,0.02004715960186754
S1,1016,0.7,xgb,0.9050748561005119,0.3304523596010175,0.02062551429324028
S1,1017,0.0,xgb,0.9626520342154201,0.6026878937930685,0.01545804749773352
S1,1017,0.05,xgb,0.9592034445094167,0.575920830564413,0.01591546470852304
S1,1017,0.1,xgb,0.9600860567323248,0.555622279824701,0.01662974839243314
S1,1017,0.2,xgb,0.9535349375120987,0.526931324736454,0.017221482159375117
S1,1017,0.3,xgb,0.9522749157215245,0.47991969692377373,0.01786139039719058
S1,1017,0.4,xgb,0.943315100269577,0.4403732010914038,0.018505041618332402
S1,1017,0.5,xgb,0.9325439880878935,0.42142544753769223,0.018923555268480517
S1,1017,0.6,xgb,0.9207614748059665,0.3544495300105008,0.020175699828568837
S1,1017,0.7,xgb,0.9009266642089712,0.3386890302594333,0.020279306178121757
S1,1018,0.0,xgb,0.959103933264864,0.571242742878343,0.01586951533651464
S1,1018,0.05,xgb,0.9565290535492466,0.5388443809721234,0.01648714168982248
S1,1018,0.1,xgb,0.9523813680930318,0.5383022581524023,0.016786094783925058
S1,1018,0.2,xgb,0.9483783554008172,0.5132200694698502,0.017101778390770362
S1,1018,0.3,xgb,0.9442735413519907,0.47930479119261926,0.017872608973346898
S1,1018,0.4,xgb,0.9416788653996268,0.4763386020360649,0.017995639328665762
S1,1018,0.5,xgb,0.9219627010220208,0.40511736860984604,0.01908237951367778
S1,1018,0.6,xgb,0.9104250166906048,0.3819681132071683,0.01948859351672276
S1,1018,0.7,xgb,0.8882294643707421,0.30374459192417647,0.02085489652609484
S1,1019,0.0,xgb,0.9616491790330765,0.5916167386498183,0.015552408891453401
S1,1019,0.05,xgb,0.9576739620861691,0.5559148941630856,0.016349843097453957
S1,1019,0.1,xgb,0.9585286358914467,0.568586693916048,0.01595304581514564
S1,1019,0.2,xgb,0.9521381950333028,0.5055673138274261,0.01729937947844688
S1,1019,0.3,xgb,0.9414763132923991,0.49334435319756087,0.01743766702951574
S1,1019,0.4,xgb,0.9333257892927118,0.4658073893068799,0.01810651006750778
S1,1019,0.5,xgb,0.9240676593720492,0.44871183521648916,0.018222069759508918
S1,1019,0.6,xgb,0.9176522298886314,0.3616495961108593,0.01989639658307462
S1,1019,0.7,xgb,0.911970687701084,0.30738418427026,0.020832235582049323
S1,1020,0.0,xgb,0.9583853503649141,0.5780559353659662,0.01574089996923162
S1,1020,0.05,xgb,0.9567374895912779,0.5586978620641784,0.0162202228145824
S1,1020,0.1,xgb,0.9540044075079159,0.5504716522106664,0.01644664365470968
S1,1020,0.2,xgb,0.9499391396425091,0.5063447859224468,0.01736495746549322
S1,1020,0.3,xgb,0.9443291313518903,0.46524969621125567,0.01798761073472224
S1,1020,0.4,xgb,0.9344213182414893,0.43967870207738463,0.01862917226989006
S1,1020,0.5,xgb,0.9312059192696294,0.3982305302825014,0.01937919565945346
S1,1020,0.6,xgb,0.9109921289380832,0.3770883336119235,0.01978840535010406
S1,1020,0.7,xgb,0.9132982598529731,0.3380658499451232,0.02044082549648178
S2,1001,0.0,xgb,0.9611472127970441,0.5624686498811928,0.0158867148265118
S2,1001,0.05,xgb,0.9606374052878334,0.5633680892714968,0.01610197806478904
S2,1001,0.1,xgb,0.9548324616570103,0.5331650630609394,0.01650972289853386
S2,1001,0.2,xgb,0.9506323696192658,0.499754107865704,0.017218828871199198
S2,1001,0.3,xgb,0.9497751930962377,0.47538796642385533,0.01789509530476724
S2,1001,0.4,xgb,0.9320962624158883,0.4224342645022133,0.01877692617859398
S2,1001,0.5,xgb,0.9328074128298889,0.41303844687245395,0.01886768222257626
S2,1001,0.6,xgb,0.9183861151788906,0.3516221755135067,0.020100436958062778
S2,1001,0.7,xgb,0.8934989173592175,0.32541574649849847,0.020547733973323178
S2,1002,0.0,xgb,0.9587926656857924,0.5769799546749714,0.01575705441685758
S2,1002,0.05,xgb,0.9571538081924693,0.5468292395723643,0.01626029211381064
S2,1002,0.1,xgb,0.9565828979666151,0.5401785842687852,0.01638809509811338
S2,1002,0.2,xgb,0.9509164031000502,0.4961338138564466,0.01740859026633748
S2,1002,0.3,xgb,0.946781201920509,0.44744746585518697,0.01839559564270004
S2,1002,0.4,xgb,0.9379132286673455,0.46565292962592364,0.01805372848283778
S2,1002,0.5,xgb,0.9286283580429782,0.3707704591746234,0.01977846810252116
S2,1002,0.6,xgb,0.9182331045172061,0.3689450955975885,0.019706984131633097
S2,1002,0.7,xgb,0.9034112012338866,0.3347342566203262,0.02036620615756596
S2,1003,0.0,xgb,0.9605882866283754,0.5725217936668768,0.015771252598447458
S2,1003,0.05,xgb,0.9583448679072075,0.5349388271179458,0.01661865264485998
S2,1003,0.1,xgb,0.9570621159042713,0.5525261733238521,0.01605318150726136
S2,1003,0.2,xgb,0.9525476180640151,0.5002996719454341,0.0173610599498757
S2,1003,0.3,xgb,0.9470576228357268,0.49120920210728086,0.01741956635181978
S2,1003,0.4,xgb,0.9359651470472248,0.4365772487337649,0.018611983465459482
S2,1003,0.5,xgb,0.9353721858546405,0.4233881877737925,0.01877304531550322
S2,1003,0.6,xgb,0.9174030991950939,0.36180941793838034,0.0198462025976575
S2,1003,0.7,xgb,0.8998834990632225,0.3370899673922383,0.02044939527978704
S2,1004,0.0,xgb,0.9593947012475189,0.5640966209171807,0.0159256870762473
S2,1004,0.05,xgb,0.9584268163975441,0.5512711686815542,0.01642842757631198
S2,1004,0.1,xgb,0.9565388440073418,0.5600790535010379,0.01620764210635178
S2,1004,0.2,xgb,0.9546493863520471,0.5197230447560521,0.016987857016832142
S2,1004,0.3,xgb,0.9449229803609442,0.47822103578700154,0.0177434886396516
S2,1004,0.4,xgb,0.9447400247547879,0.4651902144229097,0.01816059166908386
S2,1004,0.5,xgb,0.9350126762241354,0.3936789073686701,0.01943888415739144
S2,1004,0.6,xgb,0.9271122917831874,0.38272462649213446,0.01966152490934556
S2,1004,0.7,xgb,0.8854465802881718,0.2816519504337224,0.021229834348047198
S2,1005,0.0,xgb,0.9625237148132694,0.5840587247273941,0.015607441037151778
S2,1005,0.05,xgb,0.9571333477585935,0.545856826019931,0.01640301320192254
S2,1005,0.1,xgb,0.955279634304129,0.551913962011574,0.016285480150135777
S2,1005,0.2,xgb,0.9522963852811863,0.5134101931888676,0.01723992953508314
S2,1005,0.3,xgb,0.9474218010224045,0.4833233843753241,0.01756771459925178
S2,1005,0.4,xgb,0.9370086190000178,0.4497691735731082,0.018350991816178282
S2,1005,0.5,xgb,0.929011272134052,0.4018769107846237,0.01914888182137996
S2,1005,0.6,xgb,0.9204386469496031,0.35056470571436604,0.020079793486217558
S2,1005,0.7,xgb,0.9025373784723891,0.3346926577297714,0.0204751935948995
S2,1006,0.0,xgb,0.9587576058809031,0.5705576275866131,0.015789939659667702
S2,1006,0.05,xgb,0.9548986863629846,0.5538934655446363,0.01608125095375002
S2,1006,0.1,xgb,0.9558180292432128,0.5527038436207506,0.01619995188098656
S2,1006,0.2,xgb,0.9502824599589177,0.5146898865003384,0.0171982772452575
S2,1006,0.3,xgb,0.9497628678840375,0.4955072835411741,0.01762202335727382
S2,1006,0.4,xgb,0.9392013291242419,0.4351380200335611,0.0184444166471448
S2,1006,0.5,xgb,0.9210380466249962,0.4060932450403934,0.019050744832627982
S2,1006,0.6,xgb,0.9196498508520714,0.35380232155059466,0.02007700594007538
S2,1006,0.7,xgb,0.9027567873009381,0.360907494478626,0.020048893026493743
S2,1007,0.0,xgb,0.9612858121793122,0.5718096642227016,0.01569833188143878
S2,1007,0.05,xgb,0.9590733174395529,0.5484583756771826,0.01631631383813586
S2,1007,0.1,xgb,0.9571113947856874,0.5595529091803615,0.016269786480789576
S2,1007,0.2,xgb,0.9504245487044504,0.5027947871180355,0.017340275225262602
S2,1007,0.3,xgb,0.9422912782656201,0.49149804873374164,0.017548385760826
S2,1007,0.4,xgb,0.9328774123037645,0.44819158868877923,0.01832198093063914
S2,1007,0.5,xgb,0.9342401503028199,0.3997520832163458,0.01940238621258078
S2,1007,0.6,xgb,0.9170756684263994,0.38078228001007136,0.0195504053878032
S2,1007,0.7,xgb,0.899581272946236,0.30741298024838193,0.020839195361616082
S2,1008,0.0,xgb,0.9581951835861352,0.5686200781839285,0.01577672043106902
S2,1008,0.05,xgb,0.9579427688126495,0.5403166064588989,0.01661107887472568
S2,1008,0.1,xgb,0.9542389037100711,0.5494296434212501,0.01626169808880986
S2,1008,0.2,xgb,0.9549673055556319,0.5111943232494862,0.01725530581459762
S2,1008,0.3,xgb,0.9445068352074388,0.4480031063254544,0.018359849228191442
S2,1008,0.4,xgb,0.9378519227080293,0.40483435951368457,0.01904293959410022
S2,1008,0.5,xgb,0.9288359505151916,0.42973245175237107,0.018545202221608
S2,1008,0.6,xgb,0.916432301339585,0.3505632378747959,0.0200767772438436
S2,1008,0.7,xgb,0.9057268742197561,0.3288129406213671,0.020462554580315578
S2,1009,0.0,xgb,0.9613208513724067,0.581952314360854,0.0154657821210288
S2,1009,0.05,xgb,0.9574497297099128,0.5714063986433955,0.0157227516511493
S2,1009,0.1,xgb,0.9555221442963964,0.5418418898522487,0.01638276629981498
S2,1009,0.2,xgb,0.948208901142246,0.5033980788516212,0.01728342547608422
S2,1009,0.3,xgb,0.9431333376925431,0.49441501209143457,0.0175239164421808
S2,1009,0.4,xgb,0.9325632857158427,0.43722685051617044,0.018445623154650863
S2,1009,0.5,xgb,0.9277223558482802,0.42392086813568736,0.0187000821956152
S2,1009,0.6,xgb,0.9159413369098678,0.3906788222415406,0.0194008826621666
S2,1009,0.7,xgb,0.8973114851000712,0.3503651250896579,0.020025555546834863
S2,1010,0.0,xgb,0.9605677651824914,0.5649398253163898,0.01585773931193606
S2,1010,0.05,xgb,0.9606046677929155,0.5556384436687466,0.01593066327688864
S2,1010,0.1,xgb,0.9567950055592955,0.5290102477225627,0.016918552461843463
S2,1010,0.2,xgb,0.9502897348635555,0.5055706697407881,0.01715671568818388
S2,1010,0.3,xgb,0.9460501371701667,0.4643066328766978,0.0178600988648659
S2,1010,0.4,xgb,0.943754433137164,0.4793165699381937,0.01782354606307438
S2,1010,0.5,xgb,0.9330204401354664,0.4211564011317151,0.018808168047112838
S2,1010,0.6,xgb,0.9178348857023749,0.34652747676733303,0.02019330945040686
S2,1010,0.7,xgb,0.8996474887717083,0.3280306913653404,0.02059161990464416
S2,1011,0.0,xgb,0.9604659751618883,0.5717791278175361,0.0156694504000182
S2,1011,0.05,xgb,0.9586487223320226,0.559897290559191,0.0158157747066037
S2,1011,0.1,xgb,0.9574761133539267,0.5580379922887356,0.01603218188959844
S2,1011,0.2,xgb,0.9500451585342395,0.49738146542561446,0.017194195607218982
S2,1011,0.3,xgb,0.9500762792421729,0.4916144622084264,0.01755302356772916
S2,1011,0.4,xgb,0.9424074859982277,0.4345045064178401,0.01855726284631808
S2,1011,0.5,xgb,0.9308427736856754,0.42808780070823377,0.0186939413935859
S2,1011,0.6,xgb,0.91739767434004,0.37555699179025964,0.01968054774695232
S2,1011,0.7,xgb,0.8921206465344584,0.31888633179468817,0.02053073779480572
S2,1012,0.0,xgb,0.958055775240626,0.5731222083517168,0.01576069941560532
S2,1012,0.05,xgb,0.9569829615746139,0.5520578534644909,0.01612618878315332
S2,1012,0.1,xgb,0.9572741052727902,0.5446869244334718,0.01650831563203132
S2,1012,0.2,xgb,0.9493334145749754,0.5071498045129615,0.01717659166128834
S2,1012,0.3,xgb,0.9364063104489645,0.45954714949329983,0.018135234470272998
S2,1012,0.4,xgb,0.9459409577229352,0.45305704012455406,0.01833130382689766
S2,1012,0.5,xgb,0.9297195744395138,0.3831923786547065,0.01939638163383
S2,1012,0.6,xgb,0.9081122556736471,0.3517550436601734,0.020021678129073923
S2,1012,0.7,xgb,0.8999165151058076,0.3071991427285047,0.020944128178411202
S2,1013,0.0,xgb,0.9627400322365158,0.5667918994398754,0.01579956006221844
S2,1013,0.05,xgb,0.9623387176514921,0.5636671251526737,0.01593443935722796
S2,1013,0.1,xgb,0.9586355093456449,0.5456526423432866,0.01619842230962226
S2,1013,0.2,xgb,0.9492206081400869,0.49566909889189575,0.017461543749231263
S2,1013,0.3,xgb,0.9478507947367956,0.46531045507422597,0.0178722310303925
S2,1013,0.4,xgb,0.9410662230024555,0.44195080282335725,0.01860712681189816
S2,1013,0.5,xgb,0.928273055320522,0.4001911100466914,0.01895411635716118
S2,1013,0.6,xgb,0.9110447077623215,0.35512639433585863,0.01994233470163646
S2,1013,0.7,xgb,0.9094160615233925,0.3172739286243436,0.02064000301316758
S2,1014,0.0,xgb,0.9580631477855871,0.5750695444506243,0.01592306210111718
S2,1014,0.05,xgb,0.9563377718673669,0.5692083937032615,0.01580964063834062
S2,1014,0.1,xgb,0.9547587010899896,0.5472041015863854,0.0165725277414881
S2,1014,0.2,xgb,0.9520787827210615,0.511878380716047,0.0171533904666516
S2,1014,0.3,xgb,0.9396516829582457,0.4641888847608315,0.01811178325512518
S2,1014,0.4,xgb,0.9391299099832862,0.4286006373224776,0.01880178983346786
S2,1014,0.5,xgb,0.929020195726079,0.4226471971099036,0.0188572183901128
S2,1014,0.6,xgb,0.9254284303968164,0.3740778314667013,0.019784879469986718
S2,1014,0.7,xgb,0.8909793643837448,0.33405409618743087,0.02041466134592158
S2,1015,0.0,xgb,0.9611502597508531,0.5698419675879285,0.0157923523303662
S2,1015,0.05,xgb,0.9591101214759841,0.5689236992231973,0.01588748494522744
S2,1015,0.1,xgb,0.9526369955398346,0.5180082271925741,0.016849857075819718
S2,1015,0.2,xgb,0.9511233061022185,0.5015883766121967,0.01712907300986736
S2,1015,0.3,xgb,0.947988765227078,0.5021241533176976,0.0171693965658403
S2,1015,0.4,xgb,0.9365923263431452,0.4484696631293709,0.01824000896960128
S2,1015,0.5,xgb,0.9257879340267714,0.3701028889696151,0.01971425850306556
S2,1015,0.6,xgb,0.919714391977618,0.34233486413999115,0.02017996448915256
S2,1015,0.7,xgb,0.9005360247307552,0.30694582488602395,0.020855439113020822
S2,1016,0.0,xgb,0.9614154514233574,0.5655148877795275,0.0158883277945717
S2,1016,0.05,xgb,0.9607859127258973,0.560843732355394,0.01617960629375656
S2,1016,0.1,xgb,0.9527438122024776,0.5271128017462289,0.01690419273817812
S2,1016,0.2,xgb,0.9490873640560572,0.4816780702949142,0.0177839223501082
S2,1016,0.3,xgb,0.9469177734804853,0.4633524122286534,0.01809725322437008
S2,1016,0.4,xgb,0.9418889839315374,0.46134729244356726,0.01808747855364798
S2,1016,0.5,xgb,0.9291806973949546,0.3969725781227275,0.019202914129653838
S2,1016,0.6,xgb,0.9074066393324769,0.3403827597250485,0.02032519097892378
S2,1016,0.7,xgb,0.8929060646899171,0.33107742358542225,0.020467744632271502
S2,1017,0.0,xgb,0.9633091049387803,0.5718431814817309,0.01579495263946694
S2,1017,0.05,xgb,0.9602432107694963,0.5501945292325766,0.0161188418838975
S2,1017,0.1,xgb,0.957462889343723,0.5293479976845944,0.01669127677219692
S2,1017,0.2,xgb,0.9519357845105555,0.5089355745241246,0.017187556439933922
S2,1017,0.3,xgb,0.9480833692615878,0.4836157831415228,0.017742921581142018
S2,1017,0.4,xgb,0.9339967136579934,0.4421430492071212,0.018417302860815478
S2,1017,0.5,xgb,0.921354413599633,0.41453825857975046,0.01907428922170868
S2,1017,0.6,xgb,0.9185316558277454,0.35763994260715326,0.01994094988171342
S2,1017,0.7,xgb,0.9007459076281178,0.33205781628500136,0.0203719711575891
S2,1018,0.0,xgb,0.9604880992436181,0.5695534940586986,0.015649270728036218
S2,1018,0.05,xgb,0.9581789560713455,0.5508251713720801,0.01635453250071866
S2,1018,0.1,xgb,0.955986371997558,0.5488901484693995,0.0162120660699097
S2,1018,0.2,xgb,0.9493095234552772,0.48918759295995884,0.0177467269991332
S2,1018,0.3,xgb,0.9402917735896121,0.4658367234477779,0.01792247204826324
S2,1018,0.4,xgb,0.9391349006202955,0.4531061901241177,0.01841080840806098
S2,1018,0.5,xgb,0.9301477089600821,0.3921034113567726,0.01931317357355972
S2,1018,0.6,xgb,0.9147411424359371,0.3518125927679116,0.02004059082201646
S2,1018,0.7,xgb,0.9013824887832822,0.3066724729734172,0.02091423006588736
S2,1019,0.0,xgb,0.9632858173067129,0.5637653073443916,0.015739158683488817
S2,1019,0.05,xgb,0.9587408178665185,0.5425430537618524,0.01635005075502684
S2,1019,0.1,xgb,0.9577538157761569,0.5161565605481686,0.016858118663359477
S2,1019,0.2,xgb,0.9484760152734552,0.4911262617196586,0.01732340827503636
S2,1019,0.3,xgb,0.9402876012343653,0.44752334395080595,0.018072911901724442
S2,1019,0.4,xgb,0.9406140449681079,0.433779110404962,0.0184746683933049
S2,1019,0.5,xgb,0.93121270238765,0.42665808581754056,0.018588044307250258
S2,1019,0.6,xgb,0.9191890449428953,0.33007018502411667,0.02026383500656758
S2,1019,0.7,xgb,0.8965454242221181,0.3242588636345808,0.02061136389446152
S2,1020,0.0,xgb,0.9603665778497733,0.5674129303885811,0.015650319840085
S2,1020,0.05,xgb,0.9575454800725695,0.5521604060572103,0.01602990398495602
S2,1020,0.1,xgb,0.9562057094862562,0.5488785140439416,0.016232941031153462
S2,1020,0.2,xgb,0.9512923211088609,0.4927939517044875,0.01742209501612582
S2,1020,0.3,xgb,0.9415774636724649,0.44122854525697397,0.0185879961930871
S2,1020,0.4,xgb,0.9397508254407125,0.42853749185355205,0.01862957687943034
S2,1020,0.5,xgb,0.9290684311142021,0.4067544200106806,0.019055689222973498
S2,1020,0.6,xgb,0.9156960295339738,0.3497889860807241,0.02014633873575088
S2,1020,0.7,xgb,0.900197995555029,0.2869812723179067,0.02130640927090126
